RAMP2,MS4A2,label
0.0,0.7223152,X_seg
0.6628111,0.0,X_seg
0.0,0.7230397,X_seg
0.8329109,0.0,X_seg
0.0,1.8328083,X_seg
1.09281,0.0,X_seg
0.73489034,0.0,X_seg
0.0,2.2482464,X_seg
0.6887724,0.0,X_seg
1.2806932,0.0,X_seg
1.348998,0.0,X_seg
0.35692176,0.0,X_seg
0.8021564,0.0,X_seg
0.0,1.3,X_seg
2.6579938,0.0,X_seg
0.0,1.3842586,X_seg
0.8312858,0.0,X_seg
0.16711481,0.0,X_seg
0.0,1.5839888,X_seg
0.57445866,0.0,X_seg
0.0,1.2089535,X_seg
0.6573957,0.0,X_seg
0.71842104,0.0,X_seg
0.0,0.97549444,X_seg
0.7844828,0.0,X_seg
0.0,0.8958079,X_seg
0.6093298,0.0,X_seg
0.9479167,0.0,X_seg
0.68303895,0.0,X_seg
0.33680457,0.0,X_seg
0.8965517,0.0,X_seg
0.7177834,0.0,X_seg
1.6022264,0.0,X_seg
0.0,1.128637,X_seg
0.81563616,0.0,X_seg
0.8642456,0.0,X_seg
0.0,1.1244909,X_seg
0.6055479,0.0,X_seg
1.418926,0.0,X_seg
0.58284634,0.0,X_seg
0.0,1.4295188,X_seg
0.0,0.7948386,X_seg
0.0,1.4276745,X_seg
0.6525956,0.0,X_seg
0.0,1.12,X_seg
1.0910617,0.0,X_seg
1.3804421,0.0,X_seg
0.0,1.0860385,X_seg
0.0,2.3330653,X_seg
0.01934717,0.0,X_seg
1.8439384,0.0,X_seg
1.1036618,0.0,X_seg
1.4479195,0.0,X_seg
1.4549862,0.0,X_seg
0.0,0.16615343,X_seg
0.9982719,0.0,X_seg
1.092621,0.0,X_seg
0.0,0.65625125,X_seg
0.0,4.1487217,X_seg
0.0,0.90024406,X_seg
0.72054386,0.0,X_seg
1.5766982,0.0,X_seg
0.0,1.04,X_seg
0.0,0.00021078456,X_seg
0.9326603,0.0,X_seg
1.8497454,0.0,X_seg
1.3677645,0.0,X_seg
1.5036253,0.0,X_seg
0.0,0.21181415,X_seg
1.9157895,0.0,X_seg
0.021154199,0.0,X_seg
1.2380953,0.0,X_seg
0.056014262,0.0,X_seg
1.5798384,0.0,X_seg
1.0241064,0.0,X_seg
0.0,2.1101184,X_seg
2.450082,0.0,X_seg
0.0,1.3076923,X_seg
0.0,1.2069243,X_seg
0.7789568,0.0,X_seg
0.0,1.2412461,X_seg
0.0,1.0067949,X_seg
0.0,1.7333333,X_seg
1.2155071,0.0,X_seg
1.9085625,0.0,X_seg
0.054473232,0.0,X_seg
0.20721082,0.0,X_seg
1.4262995,0.0,X_seg
1.0371258,0.0,X_seg
1.5318377,0.0,X_seg
0.0,0.79041916,X_seg
0.0,1.9791583,X_seg
0.0,1.2563102,X_seg
1.3333356,0.0,X_seg
0.95553434,0.0,X_seg
2.0765097,0.0,X_seg
1.1534007,0.0,X_seg
0.8233146,0.0,X_seg
1.4268985,0.0,X_seg
0.0,1.8578261,X_seg
2.03125,0.0,X_seg
0.0,0.88464403,X_seg
0.9285714,0.0,X_seg
0.0,1.6246741,X_seg
0.0,1.3869578,X_seg
0.0,3.4782608,X_seg
1.5763952,0.0,X_seg
0.0,0.24400271,X_seg
0.0,1.925926,X_seg
0.0,0.78964484,X_seg
0.014595892,0.0,X_seg
1.1766536,0.0,X_seg
1.3552301,0.0,X_seg
0.0,0.6515245,X_seg
0.0,1.596243,X_seg
0.0,1.015625,X_seg
0.0,2.289873,X_seg
1.3390787,0.0,X_seg
0.0,1.2144953,X_seg
0.80232894,0.0,X_seg
1.6257446,0.0,X_seg
0.0,0.47213173,X_seg
0.0,0.5054432,X_seg
0.0,1.1794089,X_seg
0.008911621,0.0,X_seg
0.92509747,0.0,X_seg
1.4702381,0.0,X_seg
3.5748446,0.0,X_seg
0.5999814,0.0,X_seg
0.0,0.84516907,X_seg
0.7824092,0.0,X_seg
0.0,0.8176815,X_seg
0.0,2.0317197,X_seg
0.4106143,0.0,X_seg
0.025585815,0.0,X_seg
0.82738733,0.0,X_seg
0.0,1.1578308,X_seg
1.5477645,0.0,X_seg
0.68421054,0.0,X_seg
0.57394916,0.0,X_seg
0.24408258,0.0,X_seg
0.6231036,0.0,X_seg
0.8390018,0.0,X_seg
0.0,1.3968291,X_seg
0.0,0.7249422,X_seg
3.0319858,0.0,X_seg
0.0,1.5407407,X_seg
1.4246236,0.0,X_seg
0.0,1.2028422,X_seg
0.8285404,0.0,X_seg
0.8762336,0.0,X_seg
0.0,1.6077441,X_seg
0.0,1.1192023,X_seg
0.6685029,0.0,X_seg
0.81526005,0.0,X_seg
1.6830873,0.0,X_seg
0.5994299,0.0,X_seg
1.0066248,0.0,X_seg
0.0,1.800983,X_seg
0.0,0.7217629,X_seg
0.0,1.3419355,X_seg
0.0,2.2646506,X_seg
0.0,1.8241556,X_seg
0.0,0.83870965,X_seg
0.0,2.5710754,X_seg
0.0,0.011355082,X_seg
0.0,2.6,X_seg
0.8937775,0.0,X_seg
0.0,0.063804306,X_seg
2.0788035,0.0,X_seg
0.0,0.6585282,X_seg
0.0,1.3877621,X_seg
0.0,0.90885305,X_seg
1.4444444,0.0,X_seg
0.0,1.0235796,X_seg
0.0,1.318011,X_seg
0.0,1.1437299,X_seg
0.48154446,0.0,X_seg
0.0,0.78577334,X_seg
1.5411613,0.0,X_seg
0.0,1.138172,X_seg
1.1888566,0.0,X_seg
0.16778888,0.0,X_seg
1.3419482,0.0,X_seg
1.5500703,0.0,X_seg
0.0,3.0434191,X_seg
0.8176964,0.0,X_seg
1.3072096,0.0,X_seg
1.9752188,0.0,X_seg
1.5091438,0.0,X_seg
1.3475583,0.0,X_seg
0.72893643,0.0,X_seg
0.0,0.68294847,X_seg
0.0,2.1175783,X_seg
1.4911777,0.0,X_seg
0.0,1.5728519,X_seg
0.44159916,0.0,X_seg
0.0,1.2104238,X_seg
1.5176152,0.0,X_seg
0.0,0.22149405,X_seg
1.7218475,0.0,X_seg
0.0,0.6060606,X_seg
2.3967497,0.0,X_seg
0.0,0.56043875,X_seg
0.0,1.5782291,X_seg
0.0,0.90346,X_seg
0.0,0.7027027,X_seg
0.0,0.0064250766,X_seg
0.78784174,0.0,X_seg
0.0,1.3911607,X_seg
0.0,1.112328,X_seg
0.0,1.3,X_seg
0.0,1.1671617,X_seg
0.0,0.45686734,X_seg
0.8042066,0.0,X_seg
0.0,1.3883549,X_seg
0.8861632,0.0,X_seg
0.58058524,0.0,X_seg
0.0,9.654619e-05,X_seg
0.0,0.7878788,X_seg
0.9712123,0.0,X_seg
0.0,0.97738457,X_seg
0.0,2.2004488,X_seg
0.0,0.32240245,X_seg
0.0,0.7156109,X_seg
1.9412298,0.0,X_seg
0.82952315,0.0,X_seg
1.1121596,0.0,X_seg
1.1302298,0.0,X_seg
1.1294527,0.0,X_seg
0.0,0.1298374,X_seg
0.8731202,0.0,X_seg
0.0,0.4839602,X_seg
0.9664309,0.0,X_seg
0.96992636,0.0,X_seg
1.4064534,0.0,X_seg
0.0,1.1026785,X_seg
0.0,1.2069966,X_seg
0.0,0.38573733,X_seg
0.0,0.9137557,X_seg
0.0,1.04,X_seg
1.7423223,0.0,X_seg
0.13115835,0.0,X_seg
1.2350246,0.0,X_seg
0.0,0.5832291,X_seg
0.8666667,0.0,X_seg
0.66259754,0.0,X_seg
0.0,0.71501946,X_seg
1.6499643,0.0,X_seg
2.06064,0.0,X_seg
0.0,0.625722,X_seg
0.0,1.1155982,X_seg
0.79486746,0.0,X_seg
0.0,0.65868264,X_seg
0.0,1.8593161,X_seg
0.0,0.9618539,X_seg
0.0,0.75367236,X_seg
0.0,0.5856967,X_seg
0.45663038,0.0,X_seg
1.5070693,0.0,X_seg
0.0,0.6765848,X_seg
0.0,1.4387351,X_seg
0.0472779,0.0,X_seg
1.3,0.0,X_seg
0.8270947,0.0,X_seg
0.0,1.1304348,X_seg
0.0,1.8593161,X_seg
2.3599765,0.0,X_seg
1.3894578,0.0,X_seg
0.0,0.18548217,X_seg
0.0,0.99002594,X_seg
1.9716219,0.0,X_seg
0.0,1.54807,X_seg
0.0,0.052504085,X_seg
0.0,1.0340962,X_seg
0.0,0.61104786,X_seg
0.0,0.8125,X_seg
0.0005494792,0.0,X_seg
0.84520125,1.04,X_seg
1.4444444,0.0,X_seg
0.1565522,0.0,X_seg
0.9284767,0.0,X_seg
0.9237387,0.0,X_seg
0.9285714,0.0,X_seg
1.0993768,0.0,X_seg
0.07199732,0.0,X_seg
0.7016206,0.0,X_seg
3.3641658,0.0,X_seg
0.0,1.7965727,X_seg
0.0,1.0674806,X_seg
0.89231527,0.0,X_seg
0.0,1.265919,X_seg
1.9326911,0.0,X_seg
0.73938185,0.0,X_seg
0.9207576,0.0,X_seg
1.0453191,0.0,X_seg
1.4142368,0.0,X_seg
0.69429535,0.0,X_seg
0.40699765,0.0,X_seg
1.0570705,0.0,X_seg
1.6191673,0.0,X_seg
0.05117702,0.0,X_seg
1.558753,0.0,X_seg
1.8867924,0.0,X_seg
0.8584199,0.0,X_seg
0.37406865,0.0,X_seg
0.11246124,0.0,X_seg
1.0118273,0.0,X_seg
0.062035225,0.0,X_seg
0.24665253,0.0,X_seg
0.9900461,0.0,X_seg
0.6943646,0.0,X_seg
3.1522794,0.0,X_seg
1.3629671,0.0,X_seg
0.0,1.141302,X_seg
0.7435841,0.0,X_seg
0.77269423,0.0,X_seg
0.7673611,0.0,X_seg
0.0,0.9005695,X_seg
0.86506605,0.0,X_seg
0.8975865,0.0,X_seg
1.6379464,0.0,X_seg
0.5060698,0.0,X_seg
0.0,1.7892553,X_seg
0.0,2.2063677,X_seg
0.991887,0.0,X_seg
0.0,0.6298145,X_seg
0.86451113,0.0,X_seg
0.0,0.8040947,X_seg
0.0064745024,0.0,X_seg
0.0,0.9285714,X_seg
0.53327113,0.0,X_seg
0.0,1.5724748,X_seg
1.6725811,0.0,X_seg
1.0675972,0.0,X_seg
1.3295455,0.0,X_seg
0.77559847,0.0,X_seg
0.83111423,0.0,X_seg
0.8898716,0.0,X_seg
0.0,1.9251318,X_seg
0.66295683,0.0,X_seg
0.0,1.5072464,X_seg
0.0,0.11680495,X_seg
0.0,1.124807,X_seg
0.09510634,0.0,X_seg
0.0,1.218922,X_seg
0.0,0.98728675,X_seg
0.0,2.1418824,X_seg
1.0106729,0.0,X_seg
0.0,0.040605076,X_seg
0.017703189,0.0,X_seg
0.264166,0.0,X_seg
0.8093032,0.0,X_seg
0.63587934,0.0,X_seg
0.89829844,0.0,X_seg
0.81332636,0.0,X_seg
0.87071127,0.0,X_seg
1.313125,0.0,X_seg
1.8972563,0.0,X_seg
1.2774174,0.0,X_seg
1.2839506,0.0,X_seg
0.0,1.7314651,X_seg
2.0024505,0.0,X_seg
1.8038278,0.0,X_seg
1.28,0.0,X_seg
0.0,1.3627619,X_seg
0.0,1.3630455,X_seg
0.0,1.1111112,X_seg
1.0745225,0.0,X_seg
0.9614548,0.0,X_seg
0.0,1.0465722,X_seg
0.0,1.1274236,X_seg
0.07929179,0.0,X_seg
2.3836987,0.0,X_seg
1.1869296,0.0,X_seg
2.175368,0.0,X_seg
1.6676021,0.0,X_seg
0.9606953,0.0,X_seg
0.74285716,0.0,X_seg
0.83870965,0.0,X_seg
0.8681283,0.0,X_seg
0.0,2.4751284,X_seg
3.1003284,0.0,X_seg
1.1147863,0.0,X_seg
0.0,0.76493824,X_seg
1.772926,0.0,X_seg
1.8396642,0.0,X_seg
1.1818181,0.0,X_seg
1.3754014,0.0,X_seg
0.0,0.38283724,X_seg
1.2600969,0.0,X_seg
0.7128714,0.0,X_seg
1.3379089,0.0,X_seg
1.3284609,0.0,X_seg
1.1981567,0.0,X_seg
1.0436912,0.0,X_seg
0.91581297,0.0,X_seg
0.0,0.010660998,X_seg
1.3380935,0.0,X_seg
1.1304348,0.0,X_seg
2.6825397,0.0,X_seg
0.87165767,0.0,X_seg
0.7411394,0.0,X_seg
2.290034,0.0,X_seg
1.7494198,0.0,X_seg
1.1644725,0.0,X_seg
1.320959,0.0,X_seg
0.0,1.6910968,X_seg
2.485853,0.0,X_seg
1.2563957,0.0,X_seg
1.4850786,0.0,X_seg
1.6567621,0.0,X_seg
1.251503,0.0,X_seg
1.3,0.0,X_seg
2.0997818,0.0,X_seg
1.0594227,0.0,X_seg
1.1793376,0.0,X_seg
0.97381777,0.0,X_seg
1.8577421,0.0,X_seg
0.7190434,0.0,X_seg
1.1560134,0.0,X_seg
0.0,0.9383202,X_seg
0.0,1.5166667,X_seg
2.3397622,0.0,X_seg
1.1193112,0.0,X_seg
1.126234,0.0,X_seg
0.0,1.2769775,X_seg
0.6989247,0.0,X_seg
0.58267653,0.0,X_seg
0.0,1.0145392,X_seg
0.87628,0.0,X_seg
0.49310568,0.0,X_seg
0.5577006,0.0,X_seg
0.26621464,0.0,X_seg
1.1062527,0.0,X_seg
0.962963,0.0,X_seg
0.0061261454,0.0,X_seg
1.3697731,0.0,X_seg
1.7214204,0.0,X_seg
2.3866687,0.0,X_seg
1.7591339,0.0,X_seg
1.6209476,0.0,X_seg
1.9283025,0.0,X_seg
1.1354247,0.0,X_seg
0.98548275,0.0,X_seg
0.9561546,0.0,X_seg
0.93801075,0.0,X_seg
1.092437,0.0,X_seg
3.4291022,0.0,X_seg
2.4818182,0.0,X_seg
0.0,2.516891,X_seg
0.6618691,0.0,X_seg
0.0,1.8121212,X_seg
1.6931492,0.0,X_seg
2.9435196,0.0,X_seg
1.8352941,0.0,X_seg
1.4327554,0.0,X_seg
0.07330247,0.0,X_seg
2.247021,0.0,X_seg
0.53790694,0.0,X_seg
0.72967607,0.0,X_seg
1.215632,0.0,X_seg
2.04072,0.0,X_seg
0.0,0.856244,X_seg
0.0,2.275,X_seg
0.0,1.30308,X_seg
0.0,0.80502963,X_seg
1.7102114,0.0,X_seg
0.0,2.0,X_seg
4.078766,0.0,X_seg
0.91582847,0.0,X_seg
0.0,3.760924,X_seg
0.0,0.83677596,X_seg
0.0,0.009705673,X_seg
1.1254328,0.0,X_seg
0.0,1.4466935,X_seg
0.0,1.0531766,X_seg
0.8178673,0.0,X_seg
0.0,0.4334532,X_seg
1.9189954,0.0,X_seg
0.81535167,0.0,X_seg
1.2638888,0.0,X_seg
1.1284963,0.0,X_seg
0.0,3.6076753,X_seg
0.0,0.85110676,X_seg
0.0,1.279165,X_seg
0.0,1.4839139,X_seg
1.8534504,0.0,X_seg
4.3259025,0.0,X_seg
1.4256133,0.0,X_seg
0.0,1.1335013,X_seg
0.0,0.7759027,X_seg
0.0,1.6135192,X_seg
0.0,0.7706668,X_seg
0.0,1.1863096,X_seg
0.0,0.62009096,X_seg
0.68000877,0.0,X_seg
1.7333333,0.0,X_seg
0.2279141694307327,0.0,enact
0.0,0.7223151922225952,enact
0.8134258985519409,0.0,enact
0.3482778370380401,0.0,enact
0.0,0.4371844232082367,enact
0.0,2.804534435272217,enact
1.1911426782608032,0.0,enact
0.0,1.1842105388641355,enact
0.0,1.832808256149292,enact
1.091049313545227,0.0,enact
0.0,0.1272323280572891,enact
0.8385904431343079,0.0,enact
0.0,0.4672333002090454,enact
0.475850373506546,0.0,enact
0.7938639521598816,0.0,enact
1.1586956977844238,0.0,enact
0.734890341758728,0.0,enact
1.2702598571777344,0.0,enact
0.0,0.2858552634716034,enact
0.0,1.6537809371948242,enact
0.6887723803520203,0.0,enact
1.2806931734085083,0.0,enact
1.348997950553894,0.0,enact
0.0017607155023142,0.0,enact
0.8666666746139526,0.0,enact
0.3569217622280121,0.0,enact
0.2666510343551636,0.0,enact
0.802156388759613,0.0,enact
0.5996350049972534,0.0,enact
1.0419414043426514,0.0,enact
0.968937337398529,0.0,enact
1.546556830406189,0.0,enact
1.7416267395019531,0.0,enact
0.0,1.2999999523162842,enact
0.1362180262804031,0.0,enact
0.0140716135501861,0.0,enact
1.1651668548583984,0.0,enact
2.7845888137817383,0.0,enact
0.0,1.3842586278915403,enact
0.0,0.4574447572231293,enact
0.8312857747077942,0.0,enact
0.1936166882514953,0.0,enact
0.2365054041147232,0.0,enact
0.0,1.1265439987182615,enact
0.0,1.2366524934768677,enact
0.574458658695221,0.0,enact
0.4204709827899933,0.0,enact
1.055479645729065,0.0,enact
0.0,0.7297297120094299,enact
0.0,0.1161621958017349,enact
0.009895795956254,0.0,enact
1.1179072856903076,0.0,enact
0.0808142870664596,0.0,enact
0.0752670168876648,0.0,enact
0.8660652041435242,0.0,enact
0.6221438646316528,0.0,enact
0.0,1.2089534997940063,enact
0.0,0.0138993998989462,enact
1.2054328918457031,0.0,enact
0.6431540250778198,0.0,enact
0.0,0.9754944443702698,enact
0.0,0.7398747205734253,enact
1.4733840227127075,0.0,enact
0.7862133979797363,0.0,enact
0.7844827771186829,0.0,enact
0.5968773365020752,0.0,enact
0.1689683049917221,0.0,enact
1.3499480485916138,0.0,enact
0.0,1.9727470874786377,enact
0.0,0.8958079218864441,enact
0.0622637756168842,0.0,enact
0.7799999713897705,0.0,enact
0.5719257593154907,0.0,enact
0.8185971975326538,0.0,enact
1.151878833770752,0.0,enact
0.0,0.7034541368484497,enact
0.029890177771449,0.0,enact
0.0,0.1687529385089874,enact
0.938020884990692,0.0,enact
1.086350917816162,0.0,enact
0.7519628405570984,0.0,enact
1.1785823106765747,0.0,enact
0.5965813398361206,0.0,enact
0.122966930270195,0.0,enact
0.5663235783576965,0.0,enact
0.6251826286315918,0.0,enact
2.1894736289978027,0.0,enact
0.8965517282485962,0.0,enact
0.0539302974939346,0.0,enact
0.6850175261497498,0.0,enact
0.4812770187854767,0.0,enact
0.802519679069519,0.0,enact
0.0,1.051783323287964,enact
0.0,1.0268669128417969,enact
0.0583864189684391,0.0,enact
0.2365063577890396,0.0,enact
1.443910837173462,0.0,enact
0.1583155393600464,0.0,enact
0.0,0.1017701104283332,enact
0.815636157989502,0.0,enact
0.6743221282958984,0.0,enact
0.8058592081069946,0.0,enact
1.7148268222808838,0.0,enact
0.0,0.3919900357723236,enact
0.0777961686253547,0.0,enact
0.0,1.121076226234436,enact
0.0,1.1244908571243286,enact
0.0,0.899108350276947,enact
1.0499889850616455,0.0,enact
0.0,1.268987059593201,enact
0.0025266795419156,0.0,enact
0.0,2.1039087772369385,enact
0.4072785079479217,0.0,enact
0.0,0.8340787291526794,enact
0.3968570530414581,0.0,enact
0.0,0.0167844146490097,enact
1.4189260005950928,0.0,enact
0.0,0.9496952295303344,enact
0.5828463435173035,0.0,enact
0.0,1.2346283197402954,enact
0.0,0.1948905289173126,enact
0.0218798965215683,0.0,enact
0.0,1.241678237915039,enact
0.0,0.7948386073112488,enact
1.13043475151062,0.0,enact
0.000421713135438,0.0,enact
0.0795829966664314,0.0,enact
0.3009165823459625,0.0,enact
0.0,1.25511372089386,enact
0.0,1.4276745319366455,enact
0.0,0.0554675199091434,enact
0.652595579624176,0.0,enact
0.0,1.0645325183868408,enact
0.0,0.786115825176239,enact
2.6396408081054688,0.0,enact
0.0,1.0399999618530271,enact
0.0,1.1613365411758425,enact
0.4177326261997223,0.0,enact
1.0910617113113403,0.0,enact
1.3804421424865725,0.0,enact
0.0,0.8013980984687805,enact
0.1662393361330032,0.0,enact
0.0,2.3330652713775635,enact
0.6507640480995178,0.0,enact
0.0,0.0449631437659263,enact
0.0,0.0002550650096964,enact
1.730254888534546,0.0,enact
0.2442695051431656,0.0,enact
0.0,1.3436959981918335,enact
0.0,0.2753791213035583,enact
0.0,3.080606460571289,enact
1.6226567029953003,0.0,enact
1.1036617755889893,0.0,enact
0.3277305662631988,0.0,enact
1.1409918069839478,0.0,enact
1.447919487953186,0.0,enact
0.7666666507720947,0.0,enact
1.288746953010559,0.0,enact
0.5921156406402588,0.0,enact
0.0,0.4022505581378937,enact
0.0,0.5116112232208252,enact
0.1416986435651779,0.0,enact
1.5677660703659058,0.0,enact
0.9982718825340272,0.0,enact
0.0,0.289135217666626,enact
1.2266666889190674,0.0,enact
1.0926209688186646,0.0,enact
0.6041167974472046,0.0,enact
0.0,0.7987964153289795,enact
0.0285624731332063,0.0,enact
0.0,0.6562512516975403,enact
0.0,0.744680643081665,enact
0.0,3.3022072315216064,enact
0.0,0.1863612830638885,enact
1.90666663646698,0.0,enact
0.0,0.9002440571784973,enact
0.0,0.646766185760498,enact
0.7205438613891602,0.5599597692489624,enact
0.5770502090454102,0.0,enact
0.8679081797599792,0.0,enact
0.0,1.00986647605896,enact
1.6982245445251465,0.0,enact
0.4250406920909881,0.0,enact
0.0,0.8465141654014587,enact
0.7956236004829407,0.0,enact
1.5766981840133667,0.0,enact
0.0,1.0399999618530271,enact
0.0,0.0583029426634311,enact
0.9326602816581726,0.0,enact
0.0,0.2805123329162597,enact
1.8497453927993768,0.0,enact
0.4424018561840057,0.0,enact
1.3677644729614258,0.0,enact
0.0839310735464096,0.0,enact
1.0897703170776367,0.0,enact
0.0829037055373191,0.0,enact
0.0,0.6414875388145447,enact
1.9157894849777224,0.0,enact
0.7209486365318298,0.0,enact
0.0,0.3761048913002014,enact
0.7517017722129822,0.0,enact
1.2380952835083008,0.0,enact
0.2386310547590255,0.0,enact
0.0,1.0214285850524902,enact
0.0,0.9577412605285645,enact
1.0175204277038574,0.0,enact
1.5798383951187134,0.0,enact
0.3309511542320251,0.0,enact
1.8571428060531616,0.0,enact
0.0,0.0004809636448044,enact
1.0241063833236694,0.0,enact
0.0010630533797666,0.0,enact
0.0,2.109637498855591,enact
1.237141489982605,0.0,enact
0.6941514611244202,0.0,enact
0.9653443694114684,0.0,enact
2.4500820636749268,0.0,enact
0.0,1.307692289352417,enact
0.0,1.206924319267273,enact
0.7789567708969116,0.0,enact
0.5447192788124084,0.0,enact
0.0,1.064272403717041,enact
0.0,0.5872488021850586,enact
0.0,0.1192086338996887,enact
0.0,1.1220375299453735,enact
0.0,1.0067949295043943,enact
0.0,1.7333333492279053,enact
8.518878757968196e-07,0.0,enact
0.9149746298789978,0.0,enact
0.0,0.042503748089075,enact
0.0,2.2624659538269043,enact
0.0,0.298572301864624,enact
0.0,0.7759978771209717,enact
1.908562541007996,0.0,enact
1.902531266212464,0.0,enact
0.0543465800583362,0.0,enact
0.0,1.4999756813049316,enact
0.0,3.248204469680786,enact
0.1735531836748123,0.0,enact
0.1947275847196579,0.0,enact
0.6087334752082825,0.0,enact
1.4262994527816772,0.0,enact
0.1078182309865951,0.0,enact
1.037125825881958,0.0,enact
1.5318377017974854,0.0,enact
0.0,0.7479153871536255,enact
0.0,1.9791582822799685,enact
0.0,1.256310224533081,enact
0.0,0.0197604410350322,enact
1.2902122735977173,0.0,enact
1.4788131713867188,0.0,enact
0.7448925971984863,0.0,enact
1.331821322441101,0.0,enact
0.9801921248435974,0.0,enact
0.8477161526679993,0.0,enact
2.076509714126587,0.0,enact
0.0,1.0554499626159668,enact
0.0,0.8245401382446289,enact
0.4085080325603485,0.0,enact
0.8233137726783752,0.0,enact
0.0,0.1739079058170318,enact
0.3005325496196747,0.0,enact
1.42689847946167,0.0,enact
0.0,1.8578261137008667,enact
0.0,0.755730926990509,enact
1.7295395135879517,0.0,enact
0.4938422441482544,0.0,enact
1.7534981966018677,0.0,enact
0.0,0.8846440315246582,enact
0.9285714030265808,0.0,enact
0.0,0.435458779335022,enact
0.1041985601186752,0.0,enact
0.0,1.6246740818023682,enact
0.0,1.6086537837982178,enact
0.0,3.4782607555389404,enact
0.0,0.7463594079017639,enact
0.1487043648958206,0.0,enact
0.0015142906922847,0.0,enact
0.0,2.3833119869232178,enact
0.0,0.0116144279018044,enact
0.0,0.6274131536483765,enact
2.105332136154175,0.0,enact
0.0,0.1327949464321136,enact
0.0096866954118013,0.0,enact
0.0332156606018543,0.0,enact
0.1718683391809463,0.0,enact
0.0,1.2806679010391235,enact
0.0,0.7896448373794556,enact
0.8745032548904419,0.0,enact
0.0,1.8667198419570925,enact
0.697208046913147,0.0,enact
1.3424434661865234,0.0,enact
0.0,0.8488580584526062,enact
0.0,0.6452580690383911,enact
0.3741720914840698,0.0,enact
0.3075772523880005,0.0,enact
1.483451008796692,0.0,enact
0.0127866603434085,0.0,enact
0.0,1.5962430238723757,enact
1.4495943784713743,0.0,enact
0.8640929460525513,0.0,enact
0.0,1.015625,enact
0.0,1.4494011402130127,enact
5.27818489074707,0.0,enact
0.0,2.289872884750366,enact
1.339078664779663,0.0,enact
2.152101993560791,0.0,enact
1.1907132863998413,0.0,enact
1.018913507461548,0.0,enact
0.0,1.1255288124084473,enact
0.0,1.214495301246643,enact
0.8023289442062378,0.0,enact
1.1633846759796145,0.0,enact
0.0,1.258300542831421,enact
0.0,0.4721317291259765,enact
0.680272102355957,0.0,enact
0.0,0.5054432153701782,enact
0.5840091705322266,0.0,enact
0.9244372844696044,0.0,enact
0.9891836047172546,0.0,enact
0.0,1.1794089078903198,enact
0.0271121375262737,0.0,enact
0.4623599350452423,0.0,enact
1.00697922706604,0.0,enact
0.6864424347877502,0.0,enact
0.9250974655151368,0.0,enact
0.0,1.921311020851136,enact
1.4702380895614624,0.0,enact
0.0,0.0123113542795181,enact
3.5748445987701416,0.0,enact
0.0,1.2081656455993652,enact
0.4845814108848572,0.0,enact
0.9133350253105164,0.0,enact
0.5150686502456665,0.0,enact
0.7902032136917114,0.0,enact
0.8754475712776184,0.0,enact
0.9990010261535645,0.0,enact
0.0,0.5319409966468811,enact
0.5339550375938416,0.0,enact
0.0,0.8451690673828125,enact
1.8571428060531616,0.0,enact
0.0,2.2468957901000977,enact
0.0,1.0042539834976196,enact
0.0,0.7129154205322266,enact
0.3362880945205688,0.0,enact
0.0,0.7687187790870667,enact
0.0,2.03171968460083,enact
0.4106143116950989,0.0,enact
0.0003709751181304,0.0,enact
0.0,0.18855582177639,enact
0.9602201581001282,0.0,enact
0.0,1.157830834388733,enact
1.547764539718628,0.0,enact
0.3131856322288513,0.0,enact
0.0,0.4001976549625397,enact
0.0,1.811208963394165,enact
0.3634328246116638,0.0,enact
0.5208436250686646,0.0,enact
0.7423781752586365,0.0,enact
0.6231036186218262,0.0,enact
0.0,1.4659621715545654,enact
0.9241178035736084,0.0,enact
0.0531055442988872,0.0,enact
0.0,0.048962689936161,enact
0.0,0.51950603723526,enact
0.3207777142524719,0.0,enact
0.8390017747879028,0.0,enact
0.0,1.3968291282653809,enact
0.0797276496887207,0.0,enact
0.0,0.4837732315063476,enact
0.0,1.3534982204437256,enact
3.0319857597351074,0.0,enact
0.0,1.540740728378296,enact
0.3966734707355499,0.0,enact
1.4246236085891724,0.0,enact
1.724744439125061,0.0,enact
0.0,0.0175845213234424,enact
0.0,0.2500103116035461,enact
0.0,0.428561121225357,enact
0.0,1.1852577924728394,enact
0.8285403847694397,0.0,enact
0.0,3.6462056636810303,enact
0.8762335777282715,0.0,enact
1.775547742843628,0.0,enact
0.8457680940628052,0.0,enact
1.2678803205490112,0.0,enact
0.0,0.2411689609289169,enact
0.0,1.3941880464553833,enact
0.0,1.1192022562026978,enact
0.0,0.2135559767484665,enact
0.0,1.244415044784546,enact
1.3557124137878418,0.0,enact
0.0,0.0211593825370073,enact
0.4135921001434326,0.0,enact
0.8152600526809692,0.0,enact
0.0,0.0013120047515258,enact
1.6830873489379885,0.0,enact
0.0,0.8230211734771729,enact
0.0076668560504913,0.0,enact
0.0151863824576139,0.0,enact
0.0,1.1477004289627075,enact
0.0,0.7624452114105225,enact
0.5765766501426697,0.0,enact
1.1585363149642944,0.0,enact
0.0005114407395012,0.0,enact
1.0066248178482056,0.0,enact
0.2543994188308716,0.0,enact
0.7844827771186829,0.0,enact
0.0,1.80098295211792,enact
1.6401991844177246,0.0,enact
0.0,1.9116840362548828,enact
0.0,2.35786509513855,enact
1.6780484914779663,0.0,enact
3.200000047683716,0.0,enact
0.0,1.2912579774856567,enact
0.0,1.218861699104309,enact
0.0,0.008844974450767,enact
0.0,2.264650583267212,enact
0.0,1.7148677110671997,enact
0.0,3.200000047683716,enact
0.0,0.516471266746521,enact
0.0,2.571075439453125,enact
0.0,0.6632468700408936,enact
0.0,2.5999999046325684,enact
0.8937774896621704,0.0,enact
0.0,0.5610488057136536,enact
2.078803539276123,0.0,enact
0.0,0.5901980996131897,enact
0.0,0.1092878580093383,enact
0.0,0.0506774857640266,enact
0.0,1.787500023841858,enact
0.0,0.3222384452819824,enact
0.0,1.524948239326477,enact
0.0,1.3877620697021484,enact
1.3671306371688845,0.0,enact
1.4906458854675293,0.0,enact
0.0,2.1318697929382324,enact
0.0,0.9088530540466307,enact
0.0,1.244961857795715,enact
1.136640548706055,0.0,enact
1.5029821395874023,0.0,enact
1.4444444179534912,0.0,enact
1.3722879886627195,0.0,enact
0.0,1.1184369213879108e-05,enact
0.0,0.0106879342347383,enact
1.1319361925125122,0.0,enact
0.0,1.0235795974731443,enact
1.450176477432251,0.0,enact
0.0,1.3180110454559326,enact
0.0,1.143718719482422,enact
0.1656460762023925,0.0,enact
0.0,0.7857733368873596,enact
0.0,0.1947182565927505,enact
1.541161298751831,0.0,enact
0.0,1.122802972793579,enact
1.170718789100647,0.0,enact
1.188856601715088,0.0,enact
0.0079190218821167,0.0,enact
0.2841315567493438,0.0,enact
0.0,0.0153690669685602,enact
1.1305696964263916,0.0,enact
0.750594437122345,0.0,enact
0.7154137492179871,0.0,enact
0.8286523222923279,0.0,enact
0.8359441757202148,0.0,enact
1.34194815158844,0.0,enact
1.5421513319015503,0.0,enact
0.0,3.043419122695923,enact
0.0,0.535375714302063,enact
0.0,3.0339930057525635,enact
1.769992470741272,0.0,enact
0.0,1.3775678873062134,enact
0.8176963925361633,0.0,enact
0.7872971892356873,0.0,enact
1.307209610939026,0.0,enact
1.975218772888184,0.0,enact
0.0,0.1564897745847702,enact
0.0,0.9226016402244568,enact
1.5091438293457031,0.0,enact
0.0,0.7145403027534485,enact
0.5824409127235413,0.0,enact
1.3475582599639893,0.0,enact
0.0267941989004611,0.0,enact
0.0695129334926605,0.0,enact
0.3958935141563415,0.0,enact
0.0,0.0007420355104841,enact
0.0,0.6333969235420227,enact
0.2367357611656189,0.0,enact
0.0,0.0495515279471874,enact
0.0,2.1168360710144043,enact
1.491177678108215,0.0,enact
0.0,0.092680312693119,enact
0.0,1.5728518962860107,enact
0.0045579476282,0.0,enact
0.4370412230491638,0.0,enact
0.0,0.7265543341636658,enact
0.0,1.2104238271713257,enact
1.5176151990890503,0.0,enact
0.0,0.1201587617397308,enact
1.7218475341796875,0.0,enact
0.0,0.6060606241226196,enact
0.0,0.2164045423269271,enact
0.8612123131752014,0.0,enact
0.0,0.8994266986846924,enact
2.39674973487854,0.0,enact
0.0,0.5604387521743774,enact
0.0,1.5782290697097778,enact
0.0,0.7647058963775635,enact
0.0,0.9314654469490052,enact
0.0,4.760445594787598,enact
0.0,0.1993054747581482,enact
0.0,0.7027027010917664,enact
0.0,0.0562209747731685,enact
0.7878417372703552,0.0,enact
0.0,1.3911607265472412,enact
0.0,1.407761573791504,enact
0.0,1.112328052520752,enact
0.0,1.351493000984192,enact
0.8832247853279114,0.0,enact
0.0,0.1957581341266632,enact
0.0,0.4698689579963684,enact
0.0,1.2999999523162842,enact
0.0,0.7907546162605286,enact
0.0,1.2999999523162842,enact
0.0,1.5409523248672483,enact
0.0,0.7965686321258545,enact
0.0,0.7041545510292053,enact
0.0,0.0634757429361343,enact
0.0,1.4073079824447632,enact
0.8042066097259521,0.0,enact
0.0,0.5357052087783813,enact
0.0,0.6235957145690918,enact
0.0,0.0003434574755374,enact
0.0,0.0157727506011724,enact
0.0,1.3883548974990845,enact
0.677789568901062,0.0,enact
0.513789713382721,0.0,enact
0.4084582924842834,0.0,enact
1.034492254257202,0.0,enact
0.0,0.0040355813689529,enact
0.0,0.8481324315071106,enact
0.0,0.7878788113594055,enact
0.9509793519973756,0.0,enact
0.0,0.9773845672607422,enact
0.0,2.200448751449585,enact
0.0,0.2006580382585525,enact
0.0,0.715610921382904,enact
1.9412298202514648,0.0,enact
0.2464225143194198,0.0,enact
0.0,1.054840087890625,enact
0.0511863827705383,0.0,enact
0.4656503796577453,0.0,enact
1.1121596097946167,0.0,enact
1.0935280323028564,0.0,enact
1.1302298307418823,0.0,enact
0.883030116558075,0.0,enact
0.0,0.0801250711083412,enact
0.0,0.6025397181510925,enact
0.0,0.8530398607254028,enact
1.2684204578399658,0.0,enact
0.97916442155838,0.0,enact
1.0415540933609009,0.0,enact
0.8731201887130737,0.0,enact
0.0,0.6767784357070923,enact
0.0202329941093921,0.0,enact
0.363872766494751,0.0,enact
0.9664430618286132,0.0,enact
0.1721269488334655,0.0,enact
0.3211871385574341,0.0,enact
0.9699263572692872,0.0,enact
0.3497432172298431,0.0,enact
2.435826778411865,0.0,enact
0.0,0.6339230537414551,enact
0.0,1.0807825326919556,enact
0.0,0.1479260474443435,enact
0.0,0.1529193520545959,enact
0.0923068821430206,0.0,enact
0.0,0.5206077694892883,enact
0.0,0.9137557148933412,enact
0.0,1.0399999618530271,enact
1.742322325706482,0.0,enact
0.7411015033721924,1.2505452632904053,enact
0.9162193536758424,0.0,enact
0.0770393833518028,0.0,enact
0.0,0.4440004527568817,enact
0.0,0.583229124546051,enact
0.0,0.8749856948852539,enact
0.1730694770812988,0.0,enact
0.7896273136138916,0.0,enact
0.6625975370407104,0.0,enact
0.5739703178405762,0.0,enact
0.0,0.8493145108222961,enact
0.0,2.1653528213500977,enact
0.0,1.020899534225464,enact
0.0,0.4687555134296417,enact
1.6499643325805664,0.0,enact
1.1314536333084106,0.0,enact
2.0606400966644287,0.0,enact
0.0032048893626779,0.0,enact
2.2482893466949463,0.0,enact
0.0,0.6257219910621643,enact
0.0,1.6271791458129885,enact
1.0949066877365112,0.0,enact
0.0,0.1262140870094299,enact
0.0219580717384815,0.0,enact
0.9462365508079528,0.0,enact
0.0,1.115598201751709,enact
1.088048219680786,0.0,enact
0.7948674559593201,0.0,enact
0.0,0.5834395885467529,enact
0.0,2.3636362552642822,enact
0.0018577233422547,0.0,enact
0.5756603479385376,0.0,enact
0.2969945967197418,0.0,enact
0.0,0.658682644367218,enact
0.0,0.5707469582557678,enact
0.0,2.0091376304626465,enact
0.0,1.1095532178878784,enact
0.0,0.9618539214134216,enact
0.0407273806631565,0.0,enact
0.0,0.7536723613739014,enact
0.0,0.5856966972351074,enact
0.4566303789615631,0.0,enact
1.3938833475112915,0.0,enact
0.0,0.676584780216217,enact
0.0,1.4387351274490356,enact
0.0,0.0427840277552604,enact
0.1747648119926452,0.0,enact
0.430732786655426,0.0,enact
0.2996647953987121,0.0,enact
6.917044811416417e-05,0.0,enact
0.0,0.4327879846096039,enact
0.7647058963775635,0.0,enact
0.9955449104309082,0.0,enact
0.0,0.1654178500175476,enact
1.2999999523162842,0.0,enact
0.63621586561203,0.0,enact
0.0,0.1387134492397308,enact
0.0,0.3503901958465576,enact
0.8270255327224731,0.0,enact
0.0,1.6305381059646606,enact
0.0,1.13043475151062,enact
0.0,0.269085943698883,enact
1.6685199737548828,0.0,enact
0.0,2.609078884124756,enact
0.0,0.0070662330836057,enact
2.359976530075073,0.0,enact
0.0,0.3544987142086029,enact
0.0,0.6244269013404846,enact
1.3894578218460083,0.0,enact
0.0,0.3503798842430115,enact
0.0,1.032082200050354,enact
0.0,0.6025639176368713,enact
0.0,1.328760266304016,enact
0.4116069078445434,0.0,enact
0.0,0.2534114718437195,enact
0.0,0.2397984564304351,enact
0.0,0.1309915632009506,enact
0.0,0.9887097477912904,enact
1.783232569694519,0.0,enact
0.1827361583709716,0.0,enact
0.0,1.548069953918457,enact
0.3771918714046478,0.0,enact
0.6068875193595886,0.0,enact
0.0,0.6781429052352905,enact
0.1131859943270683,0.0,enact
0.0,0.8067363500595093,enact
1.125541090965271,0.0,enact
0.0,1.0841282606124878,enact
0.1347453296184539,0.0,enact
0.2699805498123169,0.0,enact
0.0,0.0013161718379706,enact
0.0,0.6534562110900879,enact
0.0103814620524644,0.0,enact
0.0,1.0340962409973145,enact
0.0,0.5527601838111877,enact
0.0,0.0014027939178049,enact
0.0136244362220168,0.0,enact
0.0,0.4800563156604767,enact
0.0,0.8125,enact
1.1558265686035156,0.0,enact
0.0,0.0222149603068828,enact
0.6582299470901489,0.0,enact
0.8348197937011719,0.6825435757637024,enact
0.0,1.0086899995803833,enact
0.0,0.1839673817157745,enact
1.4444444179534912,0.0,enact
1.4344828128814695,0.0,enact
0.0,0.3184479773044586,enact
0.912754476070404,0.0,enact
0.4428603053092956,0.0,enact
0.9284766912460328,0.0,enact
0.2522043585777282,0.0,enact
1.2458393573760986,0.0,enact
1.1561989784240725,0.0,enact
0.2995343208312988,0.0,enact
0.9285714030265808,0.0,enact
0.0946726873517036,0.0,enact
0.0,0.3923757076263428,enact
0.1456049233675003,0.0,enact
0.0,1.1869250535964966,enact
1.0045374631881714,0.0,enact
0.5663729906082153,0.0,enact
0.5480222702026367,0.0,enact
1.71149742603302,0.0,enact
1.3166407346725464,0.0,enact
0.730049192905426,0.0,enact
0.8573690056800842,0.0,enact
0.3885365128517151,0.0,enact
0.7016205787658691,0.0,enact
3.364165782928467,0.0,enact
0.0948393791913986,0.0,enact
0.9300732612609864,0.0,enact
1.033967137336731,0.0,enact
0.0,1.7965726852416992,enact
0.0,0.4783966243267059,enact
0.0,1.0674805641174316,enact
0.8923152685165405,0.0,enact
0.0066011645831167,0.0,enact
0.1124971359968185,0.0,enact
0.0,0.6546884179115295,enact
1.3663181066513062,0.0,enact
0.7393818497657776,0.0,enact
0.2064517140388488,0.0,enact
0.3369662165641784,0.0,enact
1.0499560832977295,0.0,enact
1.469627857208252,0.0,enact
0.0,0.6112306118011475,enact
0.0180043969303369,0.0,enact
0.2872381806373596,0.0,enact
0.8852799534797668,0.0,enact
0.8305560946464539,0.0,enact
0.0682923346757888,0.0,enact
0.0354776121675968,0.0,enact
1.0453190803527832,0.0,enact
0.1864773035049438,0.0,enact
0.0,0.6166286468505859,enact
0.0,0.2081577032804489,enact
0.0,1.0319551229476929,enact
0.0,2.829665422439575,enact
1.4142367839813232,0.0,enact
0.694295346736908,0.0,enact
0.2106613218784332,0.0,enact
0.984831154346466,0.0,enact
1.2534005641937256,0.0,enact
0.5171965956687927,0.0,enact
0.0,1.4587198495864868,enact
0.6026442050933838,0.0,enact
0.0005137615953572,0.0,enact
0.5373323559761047,0.0,enact
1.05707049369812,0.0,enact
1.6191673278808594,0.0,enact
0.3748305737972259,0.0,enact
2.192156314849853,0.0,enact
0.5504002571105957,0.0,enact
0.0,0.2670228779315948,enact
1.348091721534729,0.0,enact
1.7001538276672363,0.0,enact
0.8636385202407837,0.0,enact
0.8579061627388,0.0,enact
1.85693883895874,0.0,enact
0.0,0.4752136468887329,enact
0.968926966190338,0.0,enact
0.1659936606884002,0.0,enact
0.0,1.195720076560974,enact
0.200013056397438,0.0,enact
1.0118273496627808,0.0,enact
0.0,0.1450949162244796,enact
1.3720535039901731,0.0,enact
0.0,1.6336171627044678,enact
0.0870605930685997,0.0,enact
0.8021913170814514,0.0,enact
1.399800419807434,0.0,enact
0.8048959970474243,0.0,enact
1.15915048122406,0.0,enact
0.2304485589265823,0.0,enact
0.2657063007354736,0.0,enact
0.9052778482437134,0.0,enact
0.3820002973079681,0.0,enact
0.9900007843971252,0.0,enact
0.694364607334137,0.0,enact
0.2078230232000351,0.0,enact
0.8431808352470398,0.0,enact
4.52934909844771e-05,0.0,enact
0.0122159915044903,0.0,enact
0.0205301363021135,0.0,enact
3.1522793769836426,0.0,enact
1.1588428020477295,0.0,enact
0.1887976974248886,0.0,enact
1.5486644506454468,0.0,enact
0.0201599169522523,0.0,enact
0.0466755479574203,0.0,enact
0.0,1.0580726861953735,enact
0.0,0.0832292661070823,enact
0.7435840964317322,0.0,enact
0.0,0.6153425574302673,enact
0.8195249438285828,0.0,enact
0.7726942300796509,0.0,enact
0.7673611044883728,0.0,enact
0.0,0.900569498538971,enact
1.2133333683013916,0.0,enact
0.8650660514831543,0.0,enact
0.8635799884796143,0.0,enact
0.8962200880050659,0.0,enact
0.0,0.3379010558128357,enact
1.5912708044052124,0.0,enact
0.0,0.627677857875824,enact
0.5060697793960571,0.0,enact
0.0013664795551449,0.0,enact
0.5909090638160706,0.0,enact
0.0336393564939498,0.0,enact
1.2064937353134155,0.0,enact
0.0,1.7359684705734253,enact
0.6556915044784546,0.0,enact
1.3254493474960327,0.0,enact
0.0,2.2063677310943604,enact
0.0,0.8821874260902405,enact
0.9918869733810424,0.0,enact
1.835361123085022,0.0,enact
1.0020363330841064,0.0,enact
0.6555734276771545,0.0,enact
0.0968696698546409,0.0,enact
0.0,0.297750324010849,enact
0.0,0.6830299496650696,enact
0.7224165201187134,0.0,enact
0.0,0.804094672203064,enact
0.2913423776626587,0.0,enact
0.1459161937236786,0.0,enact
0.0,0.0532867163419723,enact
0.0,0.1384262442588806,enact
0.0,0.9285714030265808,enact
0.5813022255897522,0.0,enact
0.0,0.4748919010162353,enact
0.0452249385416507,0.0,enact
0.0,0.0047102449461817,enact
0.7273839116096497,0.0,enact
0.0,1.5724748373031616,enact
1.6725810766220093,0.0,enact
1.0675971508026123,0.0,enact
0.0,0.3140788674354553,enact
1.329545497894287,0.0,enact
0.7755984663963318,0.0,enact
0.1692145466804504,0.0,enact
1.0968583822250366,0.0,enact
0.8311142325401306,0.0,enact
0.0,0.0179853476583957,enact
0.0,2.1666667461395264,enact
0.8898715972900391,0.0,enact
0.0,1.925131797790528,enact
0.6621562838554382,0.0,enact
0.0,1.0228580236434937,enact
0.0,2.4814698696136475,enact
0.0,1.5072463750839231,enact
0.0,0.3539609313011169,enact
0.7713244557380676,0.0,enact
0.0,0.6342418789863586,enact
0.0,1.1248070001602173,enact
0.041926521807909,0.0,enact
0.0,1.0755177736282349,enact
0.0008005382260307,0.0,enact
0.0067862370051443,0.0,enact
0.0,0.8849557638168335,enact
0.0683512166142463,0.0,enact
0.0,0.982576549053192,enact
0.7376256585121155,0.0,enact
0.0,0.4271408319473266,enact
0.0,0.3413420915603637,enact
0.0,3.5698039531707764,enact
1.7347489595413208,0.0,enact
0.0,0.3440189957618713,enact
0.0,0.603388249874115,enact
0.0,0.1434043049812317,enact
0.0,0.8253968358039856,enact
0.926381766796112,0.0,enact
0.4962702691555023,0.0,enact
0.9900662899017334,0.0,enact
0.5522574782371521,0.0,enact
0.898298442363739,0.0,enact
0.59953773021698,0.0,enact
5.4853925704956055,0.0,enact
0.93537038564682,0.0,enact
0.0,0.8508418202400208,enact
2.761404275894165,0.0,enact
0.0022212169133126,0.0,enact
1.5066523551940918,0.0,enact
1.242513656616211,0.0,enact
0.6937837600708008,0.0,enact
0.5743957757949829,0.0,enact
1.3131250143051147,0.0,enact
0.2039092183113098,0.0,enact
1.8972562551498413,0.0,enact
1.3382352590560913,0.0,enact
0.5524739027023315,0.0,enact
0.0,0.0190329682081937,enact
0.7799932360649109,0.0,enact
0.1917542666196823,0.0,enact
0.9096506834030152,0.0,enact
0.049114566296339,0.0,enact
0.8168394565582275,0.0,enact
0.4499704539775848,0.0,enact
0.0,1.7124321460723877,enact
2.002450466156006,0.0,enact
0.3213380873203277,0.0,enact
0.0391354672610759,0.0,enact
0.0,0.975000023841858,enact
1.80382776260376,0.0,enact
1.2799999713897705,0.0,enact
0.0,1.263216853141785,enact
0.0,1.3630454540252686,enact
0.68961501121521,0.0,enact
0.1427222043275833,0.0,enact
0.0040062116459012,0.0,enact
0.0,1.1010656356811523,enact
0.6129302382469177,0.0,enact
0.5732914805412292,0.0,enact
1.0745224952697754,0.0,enact
1.0399999618530271,0.0,enact
0.6364619135856628,0.0,enact
0.837405264377594,0.0,enact
0.3014936745166778,0.0,enact
0.1240495294332504,0.0,enact
0.0,1.046572208404541,enact
0.0,1.127423644065857,enact
0.0,0.528124988079071,enact
0.144365131855011,0.0,enact
0.0,0.0995449945330619,enact
0.0,0.9028446674346924,enact
0.6616753935813904,0.0,enact
1.0251857042312622,0.0,enact
0.2526615858078003,0.0,enact
0.0,0.0100454427301883,enact
0.9564843773841858,0.0,enact
0.3065888285636902,0.0,enact
0.9332817792892456,0.0,enact
2.3836987018585205,0.0,enact
0.9628640413284302,0.0,enact
0.0,0.7953502535820007,enact
0.7829074263572693,0.0,enact
2.175368070602417,0.0,enact
0.520119309425354,0.0,enact
1.6676020622253418,0.0,enact
0.9606953263282776,0.0,enact
0.5476614832878113,0.0,enact
0.9774436354637146,0.0,enact
0.8387096524238586,0.0,enact
0.0646530240774154,0.0,enact
0.0014082071138545,0.0,enact
1.491970419883728,0.0,enact
1.2999999523162842,0.0,enact
0.6243987679481506,0.0,enact
0.0,2.475128412246704,enact
4.4576568603515625,0.0,enact
1.1147862672805786,0.0,enact
0.0,0.764938235282898,enact
1.708272933959961,0.0,enact
1.8396642208099363,0.0,enact
0.2437295466661453,0.0,enact
0.7428571581840515,0.0,enact
0.2240654975175857,0.0,enact
0.5206077694892883,0.0,enact
0.209843710064888,0.0,enact
0.335278183221817,0.0,enact
0.8387096524238586,0.0,enact
1.1818181276321411,0.0,enact
0.82566899061203,0.0,enact
1.3754013776779177,0.0,enact
0.0137223340570926,0.0,enact
0.0,0.4477214515209198,enact
2.121779203414917,0.0,enact
0.5981932878494263,0.0,enact
0.0744585618376731,0.0,enact
0.958889365196228,0.0,enact
1.117703199386597,0.0,enact
0.7128713726997375,0.0,enact
0.2141086310148239,0.0,enact
1.3379088640213013,0.0,enact
0.9097779989242554,0.0,enact
0.256162941455841,0.0,enact
1.1633659601211548,0.0,enact
1.5860085487365725,0.0,enact
1.138398289680481,0.0,enact
1.198156714439392,0.0,enact
0.04505205899477,0.0,enact
1.745369553565979,0.0,enact
1.0,0.0,enact
0.1423936784267425,0.0,enact
1.0436911582946775,0.0,enact
0.9158129692077636,0.0,enact
1.0887516736984253,0.0,enact
0.0,0.1077787354588508,enact
1.3380935192108154,0.0,enact
0.7231231331825256,0.0,enact
2.682539701461792,0.0,enact
0.87165766954422,0.0,enact
0.5749275088310242,0.0,enact
2.0466344356536865,0.0,enact
0.362259566783905,0.0,enact
2.130954504013061,0.0,enact
1.2643182277679443,0.0,enact
1.7552132606506348,0.0,enact
0.5011914372444153,0.0,enact
1.0833333730697632,0.0,enact
0.7411394119262695,0.0,enact
1.779197096824646,0.0,enact
1.5272777080535889,0.0,enact
1.3651714324951172,0.0,enact
2.290034055709839,0.0,enact
0.4973705112934112,0.0,enact
0.1523299813270568,0.0,enact
0.1747539490461349,0.0,enact
1.2722619771957395,0.0,enact
1.3059096336364746,0.0,enact
2.411991834640503,0.0,enact
0.0,1.3678210973739624,enact
2.550239324569702,0.0,enact
2.817277193069458,0.0,enact
0.9723805785179138,0.0,enact
1.5072463750839231,0.0,enact
0.2412708550691604,0.0,enact
1.7494198083877563,0.0,enact
1.1644724607467651,0.0,enact
3.529057025909424,0.0,enact
2.2417054176330566,0.0,enact
1.320958971977234,0.0,enact
0.0,1.6910967826843262,enact
2.4858529567718506,0.0,enact
2.4858529567718506,0.0,enact
1.256395697593689,0.0,enact
1.2910161018371582,0.0,enact
1.560097575187683,0.0,enact
1.1159522533416748,0.0,enact
1.386476755142212,0.0,enact
1.4850785732269287,0.0,enact
1.204874038696289,0.0,enact
1.4014447927474976,0.0,enact
0.431955873966217,0.0,enact
1.5620994567871094,0.0,enact
0.9099822640419006,0.0,enact
0.2344328165054321,0.0,enact
1.6567621231079102,0.0,enact
0.5870335698127747,0.0,enact
0.8043760657310486,0.0,enact
0.2443268001079559,0.0,enact
0.0055952970869839,0.0,enact
1.2944047451019287,0.0,enact
0.4471269845962524,0.0,enact
2.5188989639282227,0.0,enact
2.0997817516326904,0.0,enact
1.8140732049942017,0.0,enact
0.0331180803477764,0.0,enact
0.0272578801959753,0.0,enact
0.0306975170969963,0.0,enact
1.1818181276321411,0.0,enact
1.059422731399536,0.0,enact
0.5665803551673889,0.0,enact
1.1793376207351685,0.0,enact
1.8055555820465088,0.0,enact
0.8587512373924255,0.0,enact
0.0,0.2050604522228241,enact
0.2580457627773285,0.0,enact
0.2073423266410827,0.0,enact
0.973817765712738,0.0,enact
1.8577420711517327,0.0,enact
0.8649943470954895,0.0,enact
0.0,0.3718954920768738,enact
0.7190433740615845,0.0,enact
1.1560133695602417,0.0,enact
0.0,0.8646028637886047,enact
1.028278112411499,0.0,enact
0.0,0.0737173333764076,enact
0.3376636803150177,0.0,enact
0.0,1.5166666507720947,enact
0.8508051037788391,0.0,enact
1.216460347175598,0.0,enact
0.005248527508229,0.0,enact
1.8571428060531616,0.0,enact
0.8593583106994629,0.0,enact
2.339762210845948,0.0,enact
1.1193112134933472,0.0,enact
0.9875749945640564,0.0,enact
0.0195487029850482,0.0,enact
0.9047069549560548,0.0,enact
0.94478040933609,0.0,enact
0.4499737322330475,0.0,enact
0.5220618844032288,0.0,enact
1.062491774559021,0.0,enact
0.12583689391613,0.0,enact
0.3749564886093139,0.0,enact
1.1262340545654297,0.0,enact
0.0013821952743455,0.0,enact
0.0,1.2769775390625,enact
0.4356874227523803,0.0,enact
0.0,1.1217767000198364,enact
0.698924720287323,0.0,enact
0.3263359367847442,0.0,enact
1.3798332214355469,0.0,enact
0.0,1.0145392417907717,enact
0.8762800097465515,0.0,enact
0.2098292857408523,0.0,enact
0.453119546175003,0.0,enact
0.3085529506206512,0.0,enact
0.7276707291603088,0.0,enact
0.4931056797504425,0.0,enact
0.4753632843494415,0.0,enact
0.2563406229019165,0.0,enact
0.4871649742126465,0.0,enact
0.9629629850387572,0.0,enact
1.2270303964614868,0.0,enact
1.6400625705718994,0.0,enact
1.1034541130065918,0.0,enact
0.9629629850387572,0.0,enact
0.0027985519263893,0.0,enact
0.0705355852842331,0.0,enact
0.0506770648062229,0.0,enact
0.0,1.1755478382110596,enact
0.0148036088794469,0.0,enact
1.0163257122039795,0.0,enact
0.3586142361164093,0.0,enact
1.3697731494903564,0.0,enact
1.721420407295227,0.0,enact
1.309300661087036,0.0,enact
2.3866686820983887,0.0,enact
1.7323544025421145,0.0,enact
0.0013506090035662,0.0,enact
1.3644869327545166,0.0,enact
3.0642309188842773,0.0,enact
2.051551818847656,0.0,enact
0.2564606666564941,0.0,enact
0.0254289992153644,0.0,enact
0.0,2.971428632736206,enact
0.1351438015699386,0.0,enact
1.928302526473999,0.0,enact
1.582353591918945,0.0,enact
0.0387534201145172,0.0,enact
0.6083734035491943,0.0,enact
2.734275579452514,0.0,enact
1.0882121324539185,0.0,enact
0.3157042562961578,0.0,enact
0.1286783963441848,0.0,enact
1.1354247331619265,0.0,enact
0.0,2.05635952949524,enact
0.5544164776802063,0.0,enact
0.9854827523231506,0.0,enact
1.2380952835083008,0.0,enact
0.860016405582428,0.0,enact
0.9561545848846436,0.0,enact
1.2225182056427002,0.0,enact
0.1977264732122421,0.0,enact
0.9380107522010804,0.0,enact
0.0,1.306502103805542,enact
1.0924370288848877,0.0,enact
1.369175672531128,0.0,enact
1.2749788761138916,0.0,enact
4.183816909790039,0.0,enact
0.0,0.266588032245636,enact
0.2818085849285126,0.0,enact
3.696801900863648,0.0,enact
0.3710349202156067,0.0,enact
3.4291021823883057,0.0,enact
1.1297588348388672,0.0,enact
0.0,1.0807205438613892,enact
1.215910792350769,0.0,enact
2.481818199157715,0.0,enact
1.1341257095336914,0.0,enact
1.0727607011795044,0.0,enact
1.872117042541504,0.0,enact
0.0,2.5168910026550293,enact
1.2560033798217771,0.0,enact
0.980287790298462,0.0,enact
0.9630075097084044,0.0,enact
1.9095960855484009,0.0,enact
0.5759583115577698,0.0,enact
1.3239554166793823,0.0,enact
0.6618691086769104,0.0,enact
1.3826593160629272,0.0,enact
1.5583717823028564,0.0,enact
0.0,1.812121152877808,enact
2.1594831943511963,0.0,enact
2.8352038860321045,0.0,enact
1.5812697410583496,0.0,enact
1.3322628736495972,0.0,enact
0.0,1.455993890762329,enact
0.0083697838708758,0.0,enact
1.693149209022522,0.0,enact
1.3217320442199707,0.0,enact
1.320024013519287,0.0,enact
3.837249279022217,0.0,enact
0.4092471301555633,0.0,enact
2.943519592285156,0.0,enact
1.8352941274642944,0.0,enact
1.3659682273864746,0.0,enact
1.4327553510665894,0.0,enact
0.0,2.1048295497894287,enact
0.7238355278968811,0.0,enact
2.247020959854126,0.0,enact
1.5409492254257202,0.0,enact
1.342246413230896,0.0,enact
0.7296760678291321,0.0,enact
0.7851095795631409,0.0,enact
0.0,1.4590260982513428,enact
2.040719985961914,0.0,enact
0.0,0.8562440276145935,enact
0.0,0.6653380990028381,enact
0.0,2.275000095367432,enact
0.0,1.3030799627304075,enact
0.0,0.5388472080230713,enact
0.0,0.2329848706722259,enact
0.0,1.0,enact
0.0,0.8050296306610107,enact
1.560788631439209,0.0,enact
0.0,2.0,enact
2.4857327938079834,0.0,enact
0.0,3.378077507019043,enact
0.1494227349758148,0.0,enact
0.0013577544596046,0.0,enact
4.078765869140625,0.0,enact
2.059903383255005,0.0,enact
0.0,2.759652137756348,enact
1.8571428060531616,0.0,enact
0.9158284664154052,0.0,enact
0.0,3.760924100875856,enact
1.1181597709655762,0.0,enact
0.2446916997432708,0.0,enact
0.0,0.0008078467217274,enact
0.0,0.9858050346374512,enact
0.0,0.2006318420171737,enact
0.0,0.8367759585380554,enact
0.0,0.1625724881887436,enact
1.1254328489303589,0.0,enact
0.0,1.4929732084274292,enact
0.0,0.8607622385025024,enact
0.0,0.8523165583610535,enact
2.43654465675354,0.0,enact
0.0,2.014211177825928,enact
0.5731755495071411,0.0,enact
0.0,0.2008600980043411,enact
0.0,1.147720217704773,enact
0.44404336810112,0.0,enact
0.0,0.4385631084442138,enact
1.918995380401612,0.0,enact
0.0,1.8612983226776123,enact
1.3019529581069946,0.0,enact
0.0,1.530903458595276,enact
0.0,1.736574649810791,enact
1.5639097690582275,0.0,enact
0.0142881935462355,0.0,enact
0.0,0.5859313607215881,enact
1.3784639835357666,0.0,enact
1.1737089157104492,0.0,enact
0.0,1.3684210777282717,enact
1.1004172563552856,0.0,enact
0.0,0.1266001313924789,enact
0.0,0.3339118361473083,enact
0.815351665019989,0.0,enact
0.0,0.3727660775184631,enact
1.597744345664978,0.0,enact
0.0928687751293182,0.0,enact
1.2638888359069824,0.0,enact
0.0,1.8727149963378904,enact
2.3900182247161865,0.0,enact
0.0,3.607675313949585,enact
0.0,0.8511067628860474,enact
0.0,0.5920140743255615,enact
0.0,0.0667697265744209,enact
0.0,1.017045497894287,enact
0.0381246022880077,0.0,enact
0.0,0.2354288250207901,enact
0.0,1.7506595849990845,enact
0.0,1.133951187133789,enact
0.0,2.5053985118865967,enact
0.9766652584075928,0.0,enact
0.0,1.735582947731018,enact
0.0,0.1145339459180831,enact
0.8956383466720581,0.0,enact
0.0,0.0412810333073139,enact
1.853450417518616,0.0,enact
0.0,0.6871509552001953,enact
4.290689468383789,0.0,enact
0.0,0.7174458503723145,enact
0.0,0.2480627745389938,enact
1.284371018409729,0.0,enact
0.0,1.1335012912750244,enact
0.0825515761971473,0.0,enact
0.1412423253059387,0.0,enact
0.0,0.7759026885032654,enact
1.534554123878479,0.0,enact
0.0,0.9645276069641112,enact
2.1987314224243164,0.0,enact
0.0,1.365456461906433,enact
0.0,0.770666778087616,enact
0.0,0.0911564007401466,enact
1.6842257976531982,0.0,enact
0.0,0.3615458309650421,enact
0.0,1.186309576034546,enact
0.035212829709053,0.0,enact
0.0,0.3918308615684509,enact
0.0,0.6200909614562988,enact
0.0,1.0611284971237185,enact
0.8305389881134033,0.0,enact
0.9074926376342772,0.0,enact
1.0691663026809692,0.0,enact
1.0396028757095337,0.0,enact
0.3483595252037048,0.0,enact
1.5094962120056152,0.0,enact
0.0,0.2551035284996032,enact
0.0,0.0077380277216434,enact
0.2151079922914505,0.0,enact
0.6643399596214294,0.0,enact
0.0144210802391171,0.0,enact
1.7205491065979004,0.0,enact
0.0012477079872041,0.0,enact
0.0127842156216502,0.0,enact
0.6885354489923486,0.0,b2c
1.4947071918586166,0.0,b2c
0.0,1.000101958446411,b2c
0.0,1.2173913043478262,b2c
1.4514413131488266,0.0,b2c
0.0,0.8033770210853114,b2c
0.0,0.8295531276306545,b2c
0.622228557055594,0.0,b2c
0.0,1.0823361002732028,b2c
0.0,1.948793874653978,b2c
2.0652887216901448,0.0,b2c
1.755873692606587,0.0,b2c
0.735438344695611,0.0,b2c
0.8284195685363323,0.0,b2c
1.3575757575757577,0.0,b2c
1.8241804134474824,0.0,b2c
0.0,2.1000000000000005,b2c
1.1018748930066733,0.0,b2c
1.2781436618601412,0.0,b2c
0.0,1.2696842278835851,b2c
0.0,1.1159824631327258,b2c
1.9588003972889048,0.0,b2c
0.0,0.9428892865504332,b2c
0.8090834919771566,0.0,b2c
1.4736842105263157,0.0,b2c
1.126676412974403,0.0,b2c
0.0,1.3400335008375248,b2c
0.0,2.8811018726384465,b2c
0.8448844884488436,0.0,b2c
0.0,0.8114980702317949,b2c
0.0,1.2459296508773974,b2c
0.8582375478927202,0.0,b2c
1.9279506914573037,0.0,b2c
0.6802425064535496,0.0,b2c
0.0,1.3218246478131623,b2c
0.0,1.3788704518380246,b2c
0.0,1.1581756847280318,b2c
0.0,2.3782525789176447,b2c
0.6611930880729237,0.0,b2c
1.0212885019180724,0.0,b2c
0.548448964784949,0.0,b2c
0.7962499197328708,0.0,b2c
0.0,1.2226952960823076,b2c
1.6010345146094458,0.0,b2c
0.0,0.7330814287008516,b2c
0.0,1.514485461575131,b2c
1.2091661773840827,0.0,b2c
0.0,1.798939573908319,b2c
0.63866864958076,0.0,b2c
2.102901207256181,0.0,b2c
1.1680693530505069,0.0,b2c
0.8714711229030271,0.0,b2c
0.0,1.3667075428598898,b2c
1.779100344804064,0.0,b2c
1.0829010829010817,0.0,b2c
1.1940787870463556,0.0,b2c
0.0,1.502819364900961,b2c
1.437341727557953,0.0,b2c
1.3112762183325293,0.0,b2c
0.7780190397793615,0.0,b2c
1.2641024927923223,0.0,b2c
0.6140350877192995,0.0,b2c
0.9320757707854476,0.0,b2c
1.3588589765701344,0.0,b2c
0.0,2.244575529197716,b2c
0.883012991928385,0.0,b2c
2.797263366117775,0.0,b2c
0.0,1.3140122873557163,b2c
0.3784629581695062,0.0,b2c
0.0,1.6666666666666667,b2c
1.10743911738235,0.0,b2c
0.0,1.4830508474576274,b2c
0.0,3.1112493888617294,b2c
0.0,0.7872536297620735,b2c
0.8751478796254538,0.0,b2c
1.5821594139707609,0.0,b2c
1.0276541082228303,0.0,b2c
1.1006963869976616,0.0,b2c
0.8293160429932463,0.0,b2c
0.0,0.8049060942890021,b2c
0.0,1.0202007797365416,b2c
1.2852664576802535,0.0,b2c
0.73511017598929,0.0,b2c
0.0,2.8808864265927974,b2c
0.7809603499355455,0.0,b2c
0.0,0.7504905665492922,b2c
0.0,3.512167811004536,b2c
0.0,1.9310344827586208,b2c
1.2575775091443906,0.0,b2c
0.0,1.6567878283314583,b2c
1.0258993239426522,0.0,b2c
2.017418844022168,0.0,b2c
0.0,1.8958333333333333,b2c
1.178820690657567,0.0,b2c
1.025613821030389,0.0,b2c
1.6309403374803462,0.0,b2c
0.0,1.1853356586346664,b2c
0.0,1.023279611153744,b2c
1.4297188251018145,0.0,b2c
1.2352968152139716,0.0,b2c
0.0,0.7223456663213744,b2c
1.445878509257397,0.0,b2c
1.4740976391709164,0.0,b2c
1.4656149438105062,0.0,b2c
0.0,0.9475571984974738,b2c
1.5263623637342367,0.0,b2c
0.7901706169262692,0.0,b2c
0.0,2.004340491972956,b2c
0.90766605906197,0.0,b2c
1.2681052734895295,0.0,b2c
1.4858253528432754,0.0,b2c
1.631387247094487,0.0,b2c
0.0,1.8631563720526576,b2c
0.0,1.662979605919387,b2c
1.9320491929448391,0.0,b2c
1.837232916349524,0.0,b2c
0.0,0.9156718524004828,b2c
1.6988168953764344,0.0,b2c
1.305179315587238,0.0,b2c
0.7765905718155689,0.0,b2c
0.0,3.6351103824596382,b2c
0.8373205741626804,0.0,b2c
0.9766306243460038,0.0,b2c
2.4603961712815723,0.0,b2c
0.0,1.134705999362613,b2c
0.0,1.080685342267198,b2c
0.0,1.6426569324033629,b2c
0.0,1.599176621448337,b2c
1.306508248929198,0.0,b2c
0.0,1.1390346435913965,b2c
2.1534780379422327,0.0,b2c
0.8124183954736662,0.0,b2c
0.0,1.279769846886475,b2c
0.639802893021777,0.0,b2c
0.7366067234154499,0.0,b2c
1.6173279266696796,0.0,b2c
0.0,1.2145335782812816,b2c
2.1540395383384783,0.0,b2c
0.0,1.2650295695766276,b2c
1.1294876966518776,0.0,b2c
0.6999711218810553,0.0,b2c
0.8648415514808169,0.0,b2c
0.0,1.1292331779553588,b2c
0.0,0.5285436448918883,b2c
0.0,0.8729780288302824,b2c
0.873444840251359,0.0,b2c
0.0,1.406116068616566,b2c
0.0,0.7484951878859556,b2c
1.0321506838312886,0.0,b2c
0.875,0.0,b2c
0.5120921663583327,0.0,b2c
1.2632161074606894,0.0,b2c
0.9091817766703684,0.0,b2c
1.6146485352572504,0.0,b2c
0.4577451173497851,0.0,b2c
1.0815416820001076,0.0,b2c
1.0774353120243534,0.0,b2c
0.0,0.9088899489243896,b2c
2.997323818019616,0.0,b2c
0.0,0.5713985350182577,b2c
0.0,1.221765913757701,b2c
0.0,1.3929211434570208,b2c
1.3423033285926582,0.0,b2c
0.6565407752181183,0.0,b2c
1.4877847220064555,0.0,b2c
0.0,1.2444444444444445,b2c
0.0,0.7251675133797506,b2c
1.6512660829946553,0.0,b2c
0.0,0.8484848484848484,b2c
0.0,1.4638787908361108,b2c
1.0457853137210902,0.0,b2c
0.0,0.6895392834585902,b2c
0.0,1.0058242311042191,b2c
0.7231844424187179,0.0,b2c
0.9736496542945792,0.0,b2c
1.6232917402625726,0.0,b2c
0.0,0.5889076977255688,b2c
0.0,1.2173913043478262,b2c
0.0,1.3153252593324185,b2c
2.1481117740322397,0.0,b2c
0.0,2.0421284967132114,b2c
1.3260201313965354,0.0,b2c
1.0565954860089757,0.0,b2c
1.124081279723306,0.0,b2c
1.330276176901944,0.0,b2c
0.0,2.0225941943187453,b2c
0.0,0.9127351770046824,b2c
1.0174800303773828,0.0,b2c
0.8685584833526433,0.0,b2c
0.6637403253376402,0.0,b2c
1.225795428034424,0.0,b2c
3.6685860083439774,0.0,b2c
0.0,1.245322216105764,b2c
0.0,0.9969574878950114,b2c
0.6207922495613839,0.0,b2c
0.0,1.2731862583690046,b2c
0.0,2.013071895424837,b2c
1.426580733230933,0.0,b2c
0.9887964417550728,0.0,b2c
0.7531790360035773,0.0,b2c
0.6405457116712414,0.0,b2c
1.360529305815861,0.0,b2c
1.0968049594659035,0.0,b2c
0.0,3.855109489051091,b2c
2.4744140689232164,0.0,b2c
1.0911925175370192,0.0,b2c
0.0,1.1250260764972686,b2c
0.884955752212393,0.0,b2c
0.0,0.8039046798736738,b2c
3.0611683053167926,0.0,b2c
1.2516829619561722,0.0,b2c
0.0,3.673721496624938,b2c
0.0,3.13526695702382,b2c
0.9236111111111112,0.0,b2c
1.0490716180371351,0.0,b2c
1.0167029774872929,0.0,b2c
1.1917338663707608,0.0,b2c
0.0,0.726426314491165,b2c
1.7126878713736515,0.0,b2c
0.8556855817798388,0.0,b2c
0.0,1.0826671291831544,b2c
1.6824593722570604,0.0,b2c
0.9717868338557988,0.0,b2c
0.5032350826743361,0.0,b2c
0.7444555448612509,0.0,b2c
1.2017792446600115,0.0,b2c
1.0555961495352906,0.0,b2c
1.137016181131003,0.0,b2c
1.9996429209069813,0.0,b2c
0.7476706815819286,0.0,b2c
1.296092645375586,0.0,b2c
0.0,1.826179906053551,b2c
0.882751747375555,0.0,b2c
0.0,1.172053621695861,b2c
0.0,1.068340894154879,b2c
0.0,0.8174853441769687,b2c
0.0,1.407767052959787,b2c
0.9715838418133388,0.0,b2c
0.0,1.6180909797775278,b2c
1.2900041135335285,0.0,b2c
0.0,1.36918119820819,b2c
0.0,1.379322081110404,b2c
0.0,2.076753756340322,b2c
1.1522633744855966,0.0,b2c
0.0,2.502391200382578,b2c
0.0,0.7465171048438334,b2c
0.0,1.7397190068674808,b2c
1.537443459798451,0.0,b2c
0.0,1.1534810409987288,b2c
0.0,1.22686736429713,b2c
1.1227587787134106,0.0,b2c
0.0,0.7578245182500783,b2c
1.4177847206614151,0.0,b2c
0.0,2.329087436610324,b2c
0.0,2.3204652564354937,b2c
1.2571428571428571,0.0,b2c
0.8555468834541623,0.0,b2c
1.3515116061059216,0.0,b2c
1.0477141992660417,0.0,b2c
4.175988068605516,0.0,b2c
0.0,1.2269221780789914,b2c
1.0182716192555594,0.0,b2c
1.062610090181546,0.0,b2c
0.0,1.866666666666667,b2c
0.0,0.6119009792569847,b2c
2.071331636446165,0.0,b2c
0.9827285458074224,0.0,b2c
0.0,1.0720263193810915,b2c
1.642829683475041,0.0,b2c
1.5938035758021063,0.0,b2c
0.0,2.129131396767225,b2c
0.0,1.220121981954737,b2c
1.2722181641100547,0.0,b2c
0.7683829015584145,0.0,b2c
1.5840358997383306,0.0,b2c
0.9137670679720742,0.0,b2c
0.0,2.2231067552408743,b2c
0.0,1.014238639146795,b2c
0.0,1.2854519485819222,b2c
1.495392922119842,0.0,b2c
1.3781643173633364,0.0,b2c
1.3325069442868316,0.0,b2c
0.9981426503063756,0.0,b2c
1.692193462607702,0.0,b2c
2.031208846501275,0.0,b2c
1.4147368421052628,0.0,b2c
0.8446398884539063,0.0,b2c
1.3182379032698708,0.0,b2c
0.8056078677547595,0.0,b2c
2.643556839388192,0.0,b2c
0.0,0.9070033831481928,b2c
1.5680273692049855,0.0,b2c
0.7810211851996486,0.0,b2c
0.0,0.8196705410190276,b2c
0.0,1.3448671380538115,b2c
1.5811764705882352,0.0,b2c
0.0,3.0858314802739644,b2c
0.0,2.1438802084652107,b2c
0.6067067562917007,0.0,b2c
0.0,0.678163424026825,b2c
1.038382755107513,0.0,b2c
0.0,1.0923506766951852,b2c
1.0611417447007472,0.0,b2c
0.0,2.25255537764916,b2c
1.461826669123517,0.0,b2c
1.0003972568198278,0.0,b2c
0.7777777777777778,0.0,b2c
0.0,0.6221494562039526,b2c
0.0,1.730657358929613,b2c
0.8500303582270781,0.0,b2c
1.7049732918326015,0.0,b2c
0.0,0.6017912908537905,b2c
0.0,1.0585155753006077,b2c
2.555555555555556,0.0,b2c
0.0,1.4900750359214483,b2c
0.0,0.5837664376782693,b2c
1.5438385316370955,0.0,b2c
0.0,1.2740141557128384,b2c
2.3925636089981137,0.0,b2c
1.0496116201201435,0.0,b2c
0.0,1.0972197084431057,b2c
0.0,1.5920155702202956,b2c
0.0,0.9032258064516128,b2c
0.0,1.0,b2c
1.591848611415453,0.0,b2c
0.0,0.5877906884273699,b2c
1.168695652173913,0.0,b2c
0.0,1.0472222629327308,b2c
0.0,0.7955167067617626,b2c
1.0353439105280824,0.0,b2c
0.7952673711073986,0.0,b2c
1.9086288398559648,0.0,b2c
0.8811781597201943,0.0,b2c
0.0,1.002308766399844,b2c
0.0,0.85,b2c
0.0,0.991148164238216,b2c
1.0054153598024136,0.0,b2c
0.991337232052204,0.0,b2c
0.0,0.9176851595533436,b2c
0.0,0.7488806741653616,b2c
0.482661141643109,0.0,b2c
1.3213561075627294,0.0,b2c
0.9188763454975,0.0,b2c
0.0,1.3035174899516655,b2c
0.631578947368421,0.0,b2c
0.9319390937442668,0.0,b2c
0.0,1.2402429419411032,b2c
1.5752124116861663,0.0,b2c
1.1182152623399098,0.0,b2c
0.9102481422001965,0.0,b2c
0.7269536880365987,0.0,b2c
0.0,2.528379772961814,b2c
0.9526627218934912,0.0,b2c
0.8263888888888888,0.0,b2c
2.2414024529444743,0.0,b2c
0.9000321440051415,0.0,b2c
0.0,3.6000000000000005,b2c
0.9747691786667216,0.0,b2c
0.0,1.2496652682317242,b2c
0.0,2.164388987016763,b2c
0.0,1.008260374931989,b2c
1.3871851197646543,0.0,b2c
0.0,2.6590821959822124,b2c
0.0,1.9566890926981464,b2c
0.0,1.7777777777777777,b2c
1.61,0.0,b2c
0.0,0.6080114449213181,b2c
0.8886070447194995,0.0,b2c
0.0,0.733540242270639,b2c
0.0,0.7756790789710358,b2c
1.8177607153134063,0.0,b2c
0.0,0.8759544922969061,b2c
0.0,0.6363636363636364,b2c
2.086422988444815,0.0,b2c
0.8891069075572642,0.0,b2c
1.7431951683627045,1.2448824953065931,b2c
0.0,1.5057630371758606,b2c
0.8564705882352941,0.0,b2c
1.0447872890603858,0.0,b2c
1.0668375517323334,0.0,b2c
3.0613475930984526,0.0,b2c
0.0,0.8854631117543458,b2c
1.0105262242886377,0.0,b2c
0.0,0.84447307464575,b2c
0.0,0.8576129673763795,b2c
0.0,1.4,b2c
1.7502461486071317,0.0,b2c
0.0,1.916176571961384,b2c
1.2888449954199892,0.0,b2c
0.0,0.6068327794780181,b2c
0.8615384615384616,0.0,b2c
0.8678213309024615,0.0,b2c
0.7389958873841751,0.0,b2c
0.0,1.12,b2c
2.49846260580728,0.0,b2c
0.6091039283577759,0.0,b2c
0.9418256270158016,0.0,b2c
0.0,0.9566108643662452,b2c
0.8991439606056395,0.0,b2c
0.0,2.3166353871215053,b2c
1.215255162009507,0.0,b2c
0.8984177365719497,0.0,b2c
0.0,1.232717779586089,b2c
0.0,1.4460801095515257,b2c
0.0,0.8427684614334069,b2c
1.1485042968171528,0.0,b2c
0.0,1.0140387905948236,b2c
0.0,0.7865168539325863,b2c
0.9140917173105074,0.0,b2c
0.0,0.948030890153077,b2c
0.0,1.1584477261594162,b2c
1.343818067707757,0.0,b2c
0.0,1.894736842105263,b2c
1.5482220035260577,0.0,b2c
0.0,1.732851350003228,b2c
0.0,0.8256889514157059,b2c
1.2606933813597458,0.0,b2c
0.0,0.6756612117608126,b2c
1.2186847933228364,0.0,b2c
0.7337468652840108,0.0,b2c
1.1716501850144398,0.0,b2c
0.0,0.93318402388951,b2c
0.0,1.1333333333333333,b2c
0.0,0.5185781732467369,b2c
0.0,1.5709828788839568,b2c
0.0,1.3814914710488762,b2c
4.370239988056219,0.0,b2c
0.0,0.8752587921209517,b2c
1.353974075528716,0.0,b2c
0.0,0.7034356203486596,b2c
0.0,1.376268664647431,b2c
0.0,0.8446401877330565,b2c
0.6916538867933961,0.0,b2c
0.7692150709640142,0.0,b2c
2.9664503854727187,0.0,b2c
2.077998653485006,0.0,b2c
0.7574707845687796,0.0,b2c
1.3333333333333333,0.0,b2c
1.0488687201661058,0.0,b2c
1.6688826738801616,0.0,b2c
0.0,1.6046697383692092,b2c
1.8833770918044148,0.0,b2c
2.046153846153846,0.0,b2c
1.2205128205128206,0.0,b2c
0.0,1.1666666666666667,b2c
1.1778738144702814,0.0,b2c
0.0,1.1208313806897856,b2c
0.922793118428684,0.0,b2c
0.0,0.9205662877467056,b2c
0.0,1.7675103490320851,b2c
1.8277230257263533,0.0,b2c
1.7923891942222214,0.0,b2c
1.5879017013232513,0.0,b2c
0.94609949694123,0.0,b2c
0.0,1.113008868167433,b2c
0.8404104741684345,0.0,b2c
0.0,1.3697590735288123,b2c
0.0,1.483918893974616,b2c
0.0,2.092768736597652,b2c
0.0,0.7284576252664691,b2c
1.988848565108495,0.0,b2c
0.0,1.0070035408360074,b2c
0.0,1.3318140309194215,b2c
0.0,1.5948752277407274,b2c
1.776457651323742,0.0,b2c
0.0,0.5593867668926839,b2c
0.0,3.853111743789913,b2c
0.0,1.0222269472774097,b2c
1.7583985696388105,0.0,b2c
1.1909825606125055,0.0,b2c
1.4522070614971518,0.0,b2c
0.0,2.333333333333333,b2c
1.1271845161974583,0.0,b2c
1.205178446263374,0.0,b2c
0.8915547137849102,0.0,b2c
0.0,1.2272234070415713,b2c
2.0434551303054924,0.0,b2c
1.405373320333791,0.0,b2c
0.0,0.7192201262764051,b2c
0.9833590799355844,0.0,b2c
1.8958333333333333,0.0,b2c
0.8097375183456215,0.0,b2c
1.4529779471185742,0.0,b2c
2.1832216006257505,0.0,b2c
0.6554774411950337,0.0,b2c
0.8737100351997118,0.0,b2c
1.627306273062736,0.0,b2c
0.8757670195472593,0.0,b2c
1.0400305140903006,0.0,b2c
0.0,1.251477944520235,b2c
1.1618900077459362,0.0,b2c
3.5,0.0,b2c
1.1909825606125055,0.0,b2c
1.1332820658113083,0.0,b2c
0.8629264778443544,0.0,b2c
0.0,1.649352040269894,b2c
1.612121212121212,0.0,b2c
0.7619091911772493,0.0,b2c
0.0,1.3733698495560662,b2c
2.244152987589852,0.0,b2c
0.9233233230103536,0.0,b2c
1.7412016578619447,0.0,b2c
1.3729766726768429,0.0,b2c
1.478352692713829,0.0,b2c
2.9889054061998737,0.0,b2c
1.645569620253159,0.0,b2c
0.0,1.0150597772714784,b2c
1.3133024036075405,0.0,b2c
1.417727609723524,0.0,b2c
0.0,1.3066666666666669,b2c
1.282374141100054,0.0,b2c
0.9303320034894847,0.0,b2c
0.7825895835091969,0.0,b2c
0.0,1.065651760228347,b2c
0.9262444756133056,0.0,b2c
1.80795500200884,0.0,b2c
1.1390982972983976,0.0,b2c
0.8928893584875869,0.0,b2c
1.2836433223402746,0.0,b2c
0.9809250952598996,0.0,b2c
1.0956254169128756,0.0,b2c
2.37775615906781,0.0,b2c
0.9415204678362572,0.0,b2c
3.337303177568728,0.0,b2c
1.272633017304846,0.0,b2c
0.9291840029155236,0.0,b2c
1.0198973158455025,0.0,b2c
0.0,1.068561603352852,b2c
0.9451720506072258,0.0,b2c
0.0,1.4381099126861836,b2c
1.2264488772152535,0.0,b2c
0.9333333333333336,0.0,b2c
1.1399389282526775,0.0,b2c
0.0,1.0441084788029924,b2c
0.8904680027940431,0.0,b2c
0.6851381468181,0.0,b2c
1.3408225649209105,0.0,b2c
0.8793720190779021,0.0,b2c
2.067740105746108,0.0,b2c
0.0,1.4937832680526255,b2c
1.1215791834903548,0.0,b2c
0.8252631578947367,0.0,b2c
1.1920544827575998,0.0,b2c
0.967450314121254,0.0,b2c
1.3499678921010432,0.0,b2c
1.7773117244800825,0.0,b2c
0.7274812306258874,0.0,b2c
0.9086924270011472,0.0,b2c
2.334414080592868,0.0,b2c
0.9511031097674942,0.0,b2c
1.1225375531041566,0.0,b2c
1.4254545454545455,0.0,b2c
0.9089020463280404,0.0,b2c
1.2375846893094151,0.0,b2c
2.01486288465564,0.0,b2c
4.242424242424242,0.0,b2c
0.9817761440557716,0.0,b2c
1.1817195320032183,0.0,b2c
1.2362433075550263,0.0,b2c
1.0440151829636617,0.0,b2c
1.183473829894306,0.0,b2c
1.741094710985068,0.0,b2c
1.6614608822371475,0.0,b2c
1.897406438160896,0.0,b2c
0.9212314989777218,0.0,b2c
0.586196827705514,0.0,b2c
0.7480142796943703,0.0,b2c
1.364065615053689,0.0,b2c
2.090414988170592,0.0,b2c
1.1696126284746375,0.0,b2c
2.2666666666666666,0.0,b2c
1.2349252291365165,0.0,b2c
0.8901734104046221,0.0,b2c
1.053280931661215,0.0,b2c
0.8633980881899458,0.0,b2c
1.4133799973078487,0.0,b2c
1.90670752468506,0.0,b2c
0.6660827629459003,0.0,b2c
1.0769230769230769,0.0,b2c
1.7094744144997174,0.0,b2c
0.9488299412905752,0.0,b2c
1.329305135951661,0.0,b2c
0.0,1.2033768227168078,b2c
1.672503657888224,0.0,b2c
1.386899037675245,0.0,b2c
0.9834495593514282,0.0,b2c
1.082336100273203,0.0,b2c
0.9809750892387044,0.0,b2c
1.443178314063828,0.0,b2c
0.9252689654825028,0.0,b2c
0.0,1.168691489158007,b2c
1.075879581676635,0.0,b2c
1.2413793103448276,0.0,b2c
1.1397359980618864,0.0,b2c
3.059800176315018,0.0,b2c
1.1055805494400313,0.0,b2c
1.360529305815861,0.0,b2c
0.0,1.1877119079420513,b2c
0.8980633328374725,0.0,b2c
1.037037037037037,0.0,b2c
1.4036335638091826,0.0,b2c
1.7904844415565635,0.0,b2c
1.120031865479965,0.0,b2c
1.4087974615401038,0.0,b2c
1.2913566993360135,0.0,b2c
2.090156039298786,0.0,b2c
2.0719092721834502,0.0,b2c
1.0398613518197577,0.0,b2c
0.0,1.2319894287358697,b2c
1.8757039292107704,0.0,b2c
0.0,1.674068181552522,b2c
1.7459878452636548,0.0,b2c
1.368452287444799,0.0,b2c
1.3135930226288253,0.0,b2c
0.9591076175911446,0.0,b2c
1.0034834670238528,0.0,b2c
0.0,1.1977578916314284,b2c
1.6140106494349538,0.0,b2c
1.992449101453504,0.0,b2c
2.331954220622214,0.0,b2c
0.0,1.6028235035614202,b2c
1.321467098166126,0.0,b2c
1.236051999864133,0.0,b2c
2.4266666666666667,0.0,b2c
1.3541016995717663,0.0,b2c
1.5091315529491185,0.0,b2c
0.0,1.794050343249428,b2c
2.100753791408475,0.0,b2c
1.675245105703463,0.0,b2c
2.333333333333333,0.0,b2c
1.7642484676607806,0.0,b2c
3.2655308298562824,0.0,b2c
1.615393752227104,0.0,b2c
0.0,1.7127118709448437,b2c
0.0,0.8857313343775642,b2c
1.2081674075480324,0.0,b2c
1.4666666666666668,0.0,b2c
3.9459861164715937,0.0,b2c
0.6821659020512907,0.0,b2c
1.3222309261999436,0.0,b2c
0.93892889993526,0.0,b2c
1.05013550871543,0.0,b2c
1.6458366295474836,0.0,b2c
0.0,1.4708354345268106,b2c
2.579945799457995,0.0,b2c
0.0,1.737643947107142,b2c
1.2414663798746854,0.0,b2c
0.0,0.7585272749661358,b2c
0.0,0.8325089424006052,b2c
0.9583333333333336,0.0,b2c
0.0,0.8411629567879689,b2c
0.0,1.8148148148148149,b2c
0.6688694582849778,0.0,b2c
2.068485386451385,0.0,b2c
0.0,1.8666666666666665,b2c
1.5441176470588234,0.0,b2c
4.28442281967984,0.0,b2c
2.127516184319547,0.0,b2c
0.0,1.3660147044806907,b2c
0.0,2.729551688859485,b2c
0.0,1.3831012085418255,b2c
0.0,1.037037037037037,b2c
0.8461538461538461,0.0,b2c
1.5228821281388594,0.0,b2c
0.7471910193639489,0.0,b2c
0.0,3.287857580580046,b2c
0.0,1.530818047775789,b2c
0.9019488537733348,0.0,b2c
1.8748435456426875,0.0,b2c
0.0,1.4482758620689662,b2c
1.929022173836032,0.0,b2c
1.5836381096047276,0.0,b2c
1.5280245246114847,0.0,b2c
0.0,1.111394100164898,b2c
1.1052102770202383,0.0,b2c
0.0,1.359609828335002,b2c
1.2496233224066198,0.0,b2c
0.0,1.1258109244045755,b2c
0.8927683156948799,0.0,b2c
0.0,1.2742251856006093,b2c
0.0,1.037037037037037,b2c
0.7302650808282943,0.0,b2c
0.0,2.2425752059781567,b2c
0.0,0.7286443674654959,b2c
0.0,1.4617096485508252,b2c
0.0,1.0721595035320504,b2c
2.2571819425444577,0.0,b2c
1.5390770617532925,0.0,b2c
1.8606350282360824,0.0,b2c
1.1612903225806452,0.0,b2c
0.0,1.3433766732236272,b2c
0.7979799076577799,0.0,b2c
1.8195175196192088,0.0,b2c
0.0,1.2891344383057075,b2c
0.0,0.7948845374464261,b2c
0.8892921960072594,0.0,b2c
1.6111647793874109,0.0,b2c
1.542915740136982,0.0,b2c
1.6906409413454366,0.0,b2c
0.0,1.0993589743589745,b2c
1.7031630170316248,0.0,b2c
0.6402342658970336,0.0,b2c
0.0,0.9094660411189318,b2c
0.0,1.1793025800415466,b2c
1.3122017723244754,0.0,b2c
0.0,0.8674733926228323,b2c
0.0,0.902232867529331,b2c
1.1261131858661295,0.0,b2c
0.0,0.5736942009316672,b2c
0.0,1.5557743543174505,b2c
0.0,0.7036893426967106,b2c
1.3913123114437438,0.0,b2c
1.2992880062843748,0.0,b2c
0.8688049828299681,0.0,b2c
0.0,0.6459099452480179,b2c
0.0,2.8000000000000003,b2c
1.118064123172918,0.0,b2c
0.849809226500174,0.0,b2c
1.3591095489162268,0.0,b2c
1.6167048361341947,0.0,b2c
0.0,2.1914754904975617,b2c
2.0745886865620085,0.0,b2c
1.9171479099175155,0.0,b2c
0.0,0.5574516496018211,b2c
1.1811265185912372,0.0,b2c
0.0,3.535464565608486,b2c
1.1947769289583494,0.0,b2c
2.437313904635568,0.0,b2c
1.9800847567792448,0.0,b2c
0.9286009790681776,0.0,b2c
0.0,0.9466721289342104,b2c
1.8979905401741333,0.0,b2c
1.076923076923077,0.0,b2c
1.6653949409422386,0.0,b2c
1.9205866297900207,0.0,b2c
0.9950980392156864,0.0,b2c
3.237865934906798,0.0,b2c
1.2208692789643332,0.0,b2c
1.75,0.0,b2c
0.9009719984657828,0.0,b2c
1.1180641231729185,0.0,b2c
0.0,0.9605651128142544,b2c
1.9954863998099552,0.0,b2c
0.8255643506303135,0.0,b2c
1.1666666666666663,0.0,b2c
1.208757323465924,0.0,b2c
2.136099967149042,0.0,b2c
0.0,1.7599737713623127,b2c
3.3661737787213246,0.0,b2c
2.772048510848933,0.0,b2c
1.5689655172413792,0.0,b2c
1.6296296296296295,0.0,b2c
2.021595487510078,0.0,b2c
0.6540581521627777,0.0,b2c
0.0,2.521438683000082,b2c
0.7923320103151975,0.0,b2c
4.223407324881103,0.0,b2c
1.7401861049204943,0.0,b2c
1.187950784896063,0.0,b2c
2.317059794059445,0.0,b2c
0.902732858990944,0.0,b2c
1.942439868517923,0.0,b2c
0.0,1.0,8x8
1.0,0.0,8x8
1.0,0.0,8x8
2.0,0.0,8x8
0.0,1.0,8x8
1.0,0.0,8x8
1.0,0.0,8x8
1.0,0.0,8x8
0.0,1.0,8x8
0.0,1.0,8x8
1.0,0.0,8x8
1.0,0.0,8x8
1.0,0.0,8x8
1.0,0.0,8x8
1.0,0.0,8x8
0.0,1.0,8x8
0.0,1.0,8x8
1.0,0.0,8x8
0.0,1.0,8x8
0.0,1.0,8x8
0.0,1.0,8x8
1.0,0.0,8x8
1.0,0.0,8x8
1.0,0.0,8x8
1.0,0.0,8x8
1.0,0.0,8x8
1.0,0.0,8x8
0.0,1.0,8x8
1.0,0.0,8x8
0.0,1.0,8x8
1.0,0.0,8x8
1.0,0.0,8x8
1.0,0.0,8x8
1.0,0.0,8x8
1.0,0.0,8x8
0.0,1.0,8x8
3.0,0.0,8x8
1.0,0.0,8x8
0.0,1.0,8x8
2.0,0.0,8x8
0.0,1.0,8x8
0.0,1.0,8x8
0.0,1.0,8x8
1.0,0.0,8x8
0.0,1.0,8x8
0.0,1.0,8x8
1.0,0.0,8x8
1.0,0.0,8x8
0.0,1.0,8x8
0.0,1.0,8x8
2.0,0.0,8x8
0.0,1.0,8x8
0.0,1.0,8x8
1.0,0.0,8x8
1.0,0.0,8x8
1.0,0.0,8x8
0.0,1.0,8x8
1.0,0.0,8x8
1.0,0.0,8x8
1.0,0.0,8x8
1.0,0.0,8x8
0.0,1.0,8x8
1.0,0.0,8x8
1.0,0.0,8x8
1.0,0.0,8x8
1.0,0.0,8x8
0.0,1.0,8x8
1.0,0.0,8x8
0.0,1.0,8x8
0.0,1.0,8x8
0.0,1.0,8x8
1.0,0.0,8x8
1.0,0.0,8x8
1.0,0.0,8x8
1.0,0.0,8x8
0.0,1.0,8x8
1.0,0.0,8x8
1.0,0.0,8x8
0.0,1.0,8x8
3.0,0.0,8x8
0.0,1.0,8x8
1.0,0.0,8x8
1.0,0.0,8x8
0.0,1.0,8x8
1.0,0.0,8x8
1.0,0.0,8x8
1.0,0.0,8x8
1.0,0.0,8x8
1.0,0.0,8x8
0.0,1.0,8x8
0.0,1.0,8x8
0.0,1.0,8x8
1.0,0.0,8x8
1.0,0.0,8x8
0.0,1.0,8x8
1.0,0.0,8x8
0.0,1.0,8x8
1.0,0.0,8x8
1.0,0.0,8x8
1.0,0.0,8x8
1.0,0.0,8x8
1.0,0.0,8x8
0.0,1.0,8x8
1.0,0.0,8x8
1.0,0.0,8x8
1.0,0.0,8x8
0.0,1.0,8x8
1.0,0.0,8x8
1.0,0.0,8x8
1.0,0.0,8x8
1.0,0.0,8x8
0.0,1.0,8x8
1.0,0.0,8x8
1.0,0.0,8x8
1.0,0.0,8x8
0.0,1.0,8x8
0.0,1.0,8x8
1.0,0.0,8x8
0.0,1.0,8x8
1.0,0.0,8x8
1.0,0.0,8x8
1.0,0.0,8x8
1.0,0.0,8x8
1.0,0.0,8x8
1.0,0.0,8x8
1.0,0.0,8x8
1.0,0.0,8x8
0.0,1.0,8x8
0.0,1.0,8x8
1.0,0.0,8x8
1.0,0.0,8x8
0.0,1.0,8x8
1.0,0.0,8x8
1.0,0.0,8x8
1.0,0.0,8x8
1.0,0.0,8x8
1.0,0.0,8x8
1.0,0.0,8x8
0.0,1.0,8x8
1.0,0.0,8x8
0.0,1.0,8x8
1.0,0.0,8x8
1.0,0.0,8x8
1.0,0.0,8x8
2.0,0.0,8x8
1.0,0.0,8x8
1.0,0.0,8x8
1.0,0.0,8x8
1.0,0.0,8x8
1.0,0.0,8x8
1.0,0.0,8x8
1.0,0.0,8x8
1.0,0.0,8x8
1.0,0.0,8x8
1.0,0.0,8x8
0.0,1.0,8x8
1.0,0.0,8x8
1.0,0.0,8x8
1.0,0.0,8x8
0.0,1.0,8x8
1.0,0.0,8x8
1.0,0.0,8x8
1.0,0.0,8x8
0.0,1.0,8x8
0.0,1.0,8x8
0.0,1.0,8x8
0.0,1.0,8x8
1.0,0.0,8x8
1.0,0.0,8x8
1.0,0.0,8x8
1.0,0.0,8x8
1.0,0.0,8x8
1.0,0.0,8x8
1.0,0.0,8x8
1.0,0.0,8x8
0.0,1.0,8x8
1.0,0.0,8x8
1.0,0.0,8x8
1.0,0.0,8x8
0.0,1.0,8x8
1.0,1.0,8x8
0.0,1.0,8x8
1.0,0.0,8x8
1.0,0.0,8x8
1.0,0.0,8x8
0.0,1.0,8x8
1.0,0.0,8x8
1.0,0.0,8x8
1.0,0.0,8x8
1.0,0.0,8x8
0.0,1.0,8x8
0.0,1.0,8x8
1.0,0.0,8x8
1.0,0.0,8x8
0.0,1.0,8x8
1.0,0.0,8x8
0.0,1.0,8x8
1.0,0.0,8x8
1.0,0.0,8x8
1.0,0.0,8x8
1.0,0.0,8x8
1.0,0.0,8x8
0.0,1.0,8x8
1.0,0.0,8x8
1.0,0.0,8x8
1.0,0.0,8x8
1.0,0.0,8x8
0.0,1.0,8x8
0.0,1.0,8x8
0.0,1.0,8x8
0.0,1.0,8x8
1.0,0.0,8x8
0.0,1.0,8x8
1.0,0.0,8x8
0.0,1.0,8x8
1.0,0.0,8x8
1.0,0.0,8x8
1.0,0.0,8x8
0.0,1.0,8x8
1.0,0.0,8x8
1.0,0.0,8x8
1.0,0.0,8x8
0.0,1.0,8x8
0.0,1.0,8x8
1.0,0.0,8x8
1.0,0.0,8x8
0.0,1.0,8x8
0.0,1.0,8x8
1.0,0.0,8x8
1.0,0.0,8x8
1.0,0.0,8x8
1.0,0.0,8x8
1.0,0.0,8x8
1.0,0.0,8x8
1.0,0.0,8x8
1.0,0.0,8x8
1.0,0.0,8x8
0.0,1.0,8x8
1.0,0.0,8x8
1.0,0.0,8x8
0.0,1.0,8x8
0.0,1.0,8x8
0.0,1.0,8x8
0.0,1.0,8x8
1.0,0.0,8x8
0.0,1.0,8x8
0.0,1.0,8x8
0.0,1.0,8x8
1.0,0.0,8x8
0.0,1.0,8x8
1.0,0.0,8x8
0.0,1.0,8x8
1.0,0.0,8x8
1.0,0.0,8x8
1.0,0.0,8x8
1.0,0.0,8x8
0.0,1.0,8x8
1.0,0.0,8x8
0.0,1.0,8x8
1.0,0.0,8x8
0.0,1.0,8x8
0.0,1.0,8x8
1.0,0.0,8x8
0.0,1.0,8x8
1.0,0.0,8x8
1.0,0.0,8x8
1.0,0.0,8x8
1.0,0.0,8x8
1.0,0.0,8x8
1.0,0.0,8x8
1.0,0.0,8x8
1.0,0.0,8x8
0.0,1.0,8x8
1.0,0.0,8x8
1.0,0.0,8x8
0.0,1.0,8x8
0.0,1.0,8x8
0.0,1.0,8x8
1.0,0.0,8x8
1.0,0.0,8x8
1.0,0.0,8x8
0.0,1.0,8x8
0.0,1.0,8x8
0.0,1.0,8x8
1.0,0.0,8x8
0.0,1.0,8x8
1.0,0.0,8x8
1.0,0.0,8x8
1.0,0.0,8x8
0.0,1.0,8x8
0.0,1.0,8x8
1.0,0.0,8x8
1.0,0.0,8x8
1.0,0.0,8x8
0.0,1.0,8x8
0.0,1.0,8x8
1.0,0.0,8x8
1.0,0.0,8x8
1.0,0.0,8x8
1.0,0.0,8x8
0.0,1.0,8x8
1.0,0.0,8x8
0.0,1.0,8x8
1.0,0.0,8x8
1.0,0.0,8x8
1.0,0.0,8x8
1.0,0.0,8x8
1.0,0.0,8x8
1.0,0.0,8x8
0.0,1.0,8x8
0.0,1.0,8x8
0.0,1.0,8x8
1.0,0.0,8x8
1.0,0.0,8x8
1.0,0.0,8x8
1.0,0.0,8x8
1.0,0.0,8x8
1.0,0.0,8x8
0.0,1.0,8x8
0.0,1.0,8x8
0.0,1.0,8x8
1.0,0.0,8x8
0.0,1.0,8x8
0.0,1.0,8x8
1.0,0.0,8x8
1.0,0.0,8x8
1.0,0.0,8x8
1.0,0.0,8x8
1.0,0.0,8x8
1.0,0.0,8x8
2.0,0.0,8x8
0.0,1.0,8x8
1.0,0.0,8x8
2.0,0.0,8x8
1.0,0.0,8x8
0.0,1.0,8x8
0.0,1.0,8x8
0.0,1.0,8x8
0.0,1.0,8x8
1.0,0.0,8x8
1.0,0.0,8x8
1.0,0.0,8x8
0.0,1.0,8x8
1.0,0.0,8x8
1.0,0.0,8x8
1.0,0.0,8x8
0.0,1.0,8x8
1.0,0.0,8x8
0.0,1.0,8x8
1.0,0.0,8x8
1.0,0.0,8x8
1.0,0.0,8x8
1.0,0.0,8x8
1.0,0.0,8x8
1.0,0.0,8x8
1.0,0.0,8x8
1.0,0.0,8x8
1.0,0.0,8x8
1.0,0.0,8x8
0.0,1.0,8x8
1.0,0.0,8x8
1.0,0.0,8x8
1.0,0.0,8x8
0.0,1.0,8x8
0.0,1.0,8x8
1.0,0.0,8x8
1.0,0.0,8x8
1.0,0.0,8x8
1.0,0.0,8x8
0.0,1.0,8x8
1.0,0.0,8x8
1.0,0.0,8x8
1.0,0.0,8x8
1.0,0.0,8x8
0.0,1.0,8x8
1.0,0.0,8x8
1.0,0.0,8x8
1.0,0.0,8x8
0.0,1.0,8x8
2.0,0.0,8x8
1.0,0.0,8x8
0.0,1.0,8x8
0.0,1.0,8x8
0.0,1.0,8x8
1.0,0.0,8x8
2.0,0.0,8x8
0.0,1.0,8x8
1.0,0.0,8x8
1.0,0.0,8x8
1.0,0.0,8x8
1.0,0.0,8x8
1.0,0.0,8x8
1.0,0.0,8x8
1.0,0.0,8x8
0.0,1.0,8x8
0.0,1.0,8x8
0.0,1.0,8x8
1.0,0.0,8x8
0.0,1.0,8x8
0.0,1.0,8x8
0.0,1.0,8x8
1.0,0.0,8x8
1.0,0.0,8x8
1.0,0.0,8x8
1.0,0.0,8x8
0.0,1.0,8x8
0.0,1.0,8x8
1.0,0.0,8x8
0.0,1.0,8x8
0.0,1.0,8x8
0.0,1.0,8x8
0.0,1.0,8x8
1.0,0.0,8x8
1.0,0.0,8x8
0.0,1.0,8x8
0.0,1.0,8x8
0.0,1.0,8x8
1.0,0.0,8x8
1.0,0.0,8x8
0.0,1.0,8x8
1.0,0.0,8x8
1.0,0.0,8x8
1.0,0.0,8x8
1.0,0.0,8x8
0.0,1.0,8x8
1.0,0.0,8x8
0.0,1.0,8x8
0.0,1.0,8x8
1.0,0.0,8x8
1.0,0.0,8x8
0.0,1.0,8x8
0.0,1.0,8x8
1.0,0.0,8x8
0.0,1.0,8x8
1.0,0.0,8x8
1.0,0.0,8x8
0.0,1.0,8x8
1.0,0.0,8x8
0.0,1.0,8x8
1.0,0.0,8x8
1.0,0.0,8x8
1.0,0.0,8x8
0.0,1.0,8x8
1.0,0.0,8x8
0.0,1.0,8x8
0.0,1.0,8x8
1.0,0.0,8x8
2.0,0.0,8x8
1.0,0.0,8x8
1.0,0.0,8x8
0.0,1.0,8x8
1.0,0.0,8x8
1.0,0.0,8x8
1.0,0.0,8x8
1.0,0.0,8x8
1.0,0.0,8x8
1.0,0.0,8x8
1.0,0.0,8x8
1.0,0.0,8x8
1.0,0.0,8x8
0.0,1.0,8x8
2.0,0.0,8x8
1.0,0.0,8x8
1.0,0.0,8x8
1.0,0.0,8x8
1.0,0.0,8x8
1.0,0.0,8x8
1.0,0.0,8x8
0.0,1.0,8x8
1.0,0.0,8x8
1.0,0.0,8x8
1.0,0.0,8x8
1.0,0.0,8x8
0.0,1.0,8x8
1.0,0.0,8x8
0.0,1.0,8x8
0.0,1.0,8x8
1.0,0.0,8x8
1.0,0.0,8x8
1.0,0.0,8x8
1.0,0.0,8x8
0.0,1.0,8x8
1.0,0.0,8x8
1.0,0.0,8x8
0.0,1.0,8x8
0.0,1.0,8x8
1.0,0.0,8x8
1.0,0.0,8x8
0.0,1.0,8x8
1.0,0.0,8x8
1.0,0.0,8x8
1.0,0.0,8x8
1.0,0.0,8x8
1.0,0.0,8x8
1.0,0.0,8x8
1.0,0.0,8x8
1.0,0.0,8x8
1.0,0.0,8x8
0.0,1.0,8x8
0.0,1.0,8x8
0.0,1.0,8x8
1.0,0.0,8x8
0.0,1.0,8x8
0.0,1.0,8x8
1.0,0.0,8x8
1.0,0.0,8x8
1.0,0.0,8x8
1.0,0.0,8x8
0.0,1.0,8x8
0.0,1.0,8x8
1.0,0.0,8x8
0.0,1.0,8x8
1.0,0.0,8x8
1.0,0.0,8x8
1.0,0.0,8x8
0.0,1.0,8x8
0.0,1.0,8x8
1.0,0.0,8x8
1.0,0.0,8x8
1.0,0.0,8x8
0.0,1.0,8x8
1.0,0.0,8x8
1.0,0.0,8x8
1.0,0.0,8x8
1.0,0.0,8x8
0.0,1.0,8x8
1.0,0.0,8x8
1.0,0.0,8x8
1.0,0.0,8x8
1.0,0.0,8x8
1.0,0.0,8x8
2.0,0.0,8x8
1.0,0.0,8x8
1.0,0.0,8x8
0.0,1.0,8x8
1.0,0.0,8x8
0.0,1.0,8x8
1.0,0.0,8x8
1.0,0.0,8x8
0.0,1.0,8x8
1.0,0.0,8x8
0.0,1.0,8x8
0.0,1.0,8x8
0.0,1.0,8x8
1.0,0.0,8x8
3.0,0.0,8x8
1.0,0.0,8x8
0.0,1.0,8x8
1.0,0.0,8x8
1.0,0.0,8x8
1.0,0.0,8x8
1.0,0.0,8x8
1.0,0.0,8x8
1.0,0.0,8x8
1.0,0.0,8x8
0.0,1.0,8x8
1.0,0.0,8x8
0.0,1.0,8x8
1.0,0.0,8x8
0.0,1.0,8x8
0.0,1.0,8x8
1.0,0.0,8x8
0.0,1.0,8x8
0.0,1.0,8x8
0.0,1.0,8x8
1.0,0.0,8x8
0.0,1.0,8x8
1.0,0.0,8x8
0.0,1.0,8x8
1.0,0.0,8x8
1.0,0.0,8x8
0.0,1.0,8x8
1.0,0.0,8x8
0.0,1.0,8x8
1.0,0.0,8x8
1.0,0.0,8x8
0.0,1.0,8x8
1.0,0.0,8x8
0.0,1.0,8x8
2.0,0.0,8x8
1.0,0.0,8x8
1.0,0.0,8x8
0.0,1.0,8x8
1.0,0.0,8x8
0.0,1.0,8x8
1.0,0.0,8x8
1.0,0.0,8x8
1.0,0.0,8x8
1.0,0.0,8x8
1.0,0.0,8x8
0.0,1.0,8x8
0.0,1.0,8x8
1.0,0.0,8x8
0.0,1.0,8x8
0.0,1.0,8x8
1.0,0.0,8x8
0.0,2.0,8x8
1.0,0.0,8x8
1.0,0.0,8x8
1.0,0.0,8x8
0.0,1.0,8x8
1.0,0.0,8x8
1.0,0.0,8x8
1.0,0.0,8x8
0.0,1.0,8x8
0.0,1.0,8x8
1.0,0.0,8x8
1.0,0.0,8x8
0.0,1.0,8x8
0.0,1.0,8x8
0.0,1.0,8x8
1.0,0.0,8x8
0.0,1.0,8x8
0.0,1.0,8x8
0.0,1.0,8x8
0.0,1.0,8x8
1.0,0.0,8x8
1.0,0.0,8x8
0.0,1.0,8x8
1.0,0.0,8x8
1.0,0.0,8x8
0.0,1.0,8x8
0.0,1.0,8x8
0.0,1.0,8x8
1.0,0.0,8x8
0.0,1.0,8x8
0.0,1.0,8x8
0.0,1.0,8x8
1.0,0.0,8x8
2.0,0.0,8x8
1.0,0.0,8x8
1.0,0.0,8x8
1.0,0.0,8x8
1.0,0.0,8x8
1.0,0.0,8x8
1.0,0.0,8x8
0.0,1.0,8x8
1.0,0.0,8x8
0.0,1.0,8x8
1.0,0.0,8x8
0.0,1.0,8x8
0.0,1.0,8x8
1.0,0.0,8x8
0.0,1.0,8x8
0.0,1.0,8x8
1.0,0.0,8x8
1.0,0.0,8x8
1.0,0.0,8x8
1.0,0.0,8x8
0.0,1.0,8x8
1.0,0.0,8x8
1.0,0.0,8x8
1.0,0.0,8x8
0.0,1.0,8x8
1.0,0.0,8x8
1.0,0.0,8x8
0.0,1.0,8x8
1.0,0.0,8x8
0.0,1.0,8x8
0.0,1.0,8x8
1.0,0.0,8x8
1.0,0.0,8x8
1.0,0.0,8x8
1.0,0.0,8x8
1.0,0.0,8x8
0.0,1.0,8x8
0.0,1.0,8x8
0.0,1.0,8x8
1.0,0.0,8x8
1.0,0.0,8x8
1.0,0.0,8x8
1.0,0.0,8x8
2.0,0.0,8x8
1.0,0.0,8x8
1.0,0.0,8x8
1.0,0.0,8x8
1.0,0.0,8x8
1.0,0.0,8x8
1.0,0.0,8x8
0.0,1.0,8x8
1.0,0.0,8x8
0.0,1.0,8x8
1.0,0.0,8x8
1.0,0.0,8x8
0.0,2.0,8x8
1.0,0.0,8x8
1.0,0.0,8x8
1.0,0.0,8x8
1.0,0.0,8x8
1.0,0.0,8x8
1.0,0.0,8x8
0.0,1.0,8x8
0.0,1.0,8x8
1.0,0.0,8x8
1.0,0.0,8x8
0.0,1.0,8x8
0.0,1.0,8x8
0.0,1.0,8x8
1.0,0.0,8x8
1.0,0.0,8x8
1.0,0.0,8x8
1.0,0.0,8x8
1.0,0.0,8x8
1.0,0.0,8x8
1.0,0.0,8x8
1.0,0.0,8x8
0.0,1.0,8x8
1.0,0.0,8x8
0.0,1.0,8x8
1.0,0.0,8x8
1.0,0.0,8x8
1.0,0.0,8x8
0.0,1.0,8x8
0.0,1.0,8x8
1.0,0.0,8x8
1.0,0.0,8x8
1.0,0.0,8x8
1.0,0.0,8x8
1.0,0.0,8x8
1.0,0.0,8x8
0.0,1.0,8x8
1.0,0.0,8x8
1.0,0.0,8x8
2.0,0.0,8x8
1.0,0.0,8x8
0.0,1.0,8x8
1.0,0.0,8x8
0.0,1.0,8x8
1.0,0.0,8x8
1.0,0.0,8x8
1.0,0.0,8x8
1.0,0.0,8x8
0.0,1.0,8x8
0.0,1.0,8x8
0.0,1.0,8x8
0.0,1.0,8x8
0.0,1.0,8x8
0.0,1.0,8x8
1.0,0.0,8x8
1.0,0.0,8x8
1.0,0.0,8x8
1.0,0.0,8x8
1.0,0.0,8x8
0.0,1.0,8x8
0.0,1.0,8x8
0.0,1.0,8x8
1.0,0.0,8x8
1.0,0.0,8x8
1.0,0.0,8x8
0.0,1.0,8x8
1.0,0.0,8x8
1.0,0.0,8x8
1.0,0.0,8x8
1.0,0.0,8x8
0.0,1.0,8x8
0.0,1.0,8x8
0.0,1.0,8x8
0.0,1.0,8x8
1.0,0.0,8x8
1.0,0.0,8x8
0.0,1.0,8x8
1.0,0.0,8x8
1.0,0.0,8x8
0.0,1.0,8x8
0.0,1.0,8x8
0.0,1.0,8x8
0.0,1.0,8x8
1.0,0.0,8x8
1.0,0.0,8x8
0.0,1.0,8x8
1.0,0.0,8x8
1.0,0.0,8x8
0.0,1.0,8x8
1.0,0.0,8x8
0.0,1.0,8x8
0.0,1.0,8x8
1.0,0.0,8x8
1.0,0.0,8x8
1.0,0.0,8x8
0.0,1.0,8x8
1.0,0.0,8x8
0.0,1.0,8x8
1.0,0.0,8x8
0.0,1.0,8x8
0.0,1.0,8x8
1.0,0.0,8x8
1.0,0.0,8x8
1.0,0.0,8x8
1.0,0.0,8x8
0.0,1.0,8x8
0.0,1.0,8x8
1.0,0.0,8x8
1.0,0.0,8x8
1.0,0.0,8x8
1.0,0.0,8x8
0.0,1.0,8x8
1.0,0.0,8x8
1.0,1.0,8x8
1.0,0.0,8x8
1.0,0.0,8x8
1.0,0.0,8x8
2.0,0.0,8x8
0.0,1.0,8x8
0.0,1.0,8x8
1.0,0.0,8x8
1.0,0.0,8x8
1.0,0.0,8x8
0.0,1.0,8x8
1.0,0.0,8x8
1.0,0.0,8x8
0.0,1.0,8x8
1.0,0.0,8x8
1.0,0.0,8x8
0.0,1.0,8x8
0.0,1.0,8x8
0.0,1.0,8x8
1.0,0.0,8x8
2.0,0.0,8x8
0.0,1.0,8x8
1.0,0.0,8x8
1.0,0.0,8x8
0.0,1.0,8x8
1.0,0.0,8x8
0.0,2.0,8x8
1.0,0.0,8x8
1.0,0.0,8x8
1.0,0.0,8x8
1.0,0.0,8x8
0.0,1.0,8x8
1.0,0.0,8x8
1.0,0.0,8x8
1.0,0.0,8x8
1.0,0.0,8x8
0.0,1.0,8x8
0.0,1.0,8x8
1.0,0.0,8x8
1.0,0.0,8x8
1.0,0.0,8x8
0.0,1.0,8x8
0.0,1.0,8x8
1.0,0.0,8x8
0.0,1.0,8x8
0.0,1.0,8x8
1.0,0.0,8x8
0.0,1.0,8x8
0.0,1.0,8x8
1.0,0.0,8x8
0.0,1.0,8x8
0.0,1.0,8x8
1.0,0.0,8x8
1.0,0.0,8x8
0.0,1.0,8x8
1.0,0.0,8x8
1.0,0.0,8x8
0.0,1.0,8x8
0.0,1.0,8x8
0.0,1.0,8x8
1.0,0.0,8x8
0.0,1.0,8x8
0.0,1.0,8x8
1.0,0.0,8x8
0.0,1.0,8x8
1.0,0.0,8x8
1.0,0.0,8x8
1.0,0.0,8x8
0.0,1.0,8x8
1.0,0.0,8x8
0.0,1.0,8x8
1.0,0.0,8x8
1.0,0.0,8x8
1.0,0.0,8x8
0.0,1.0,8x8
1.0,0.0,8x8
1.0,0.0,8x8
1.0,0.0,8x8
1.0,0.0,8x8
1.0,0.0,8x8
1.0,0.0,8x8
1.0,0.0,8x8
1.0,0.0,8x8
1.0,0.0,8x8
1.0,0.0,8x8
1.0,0.0,8x8
1.0,0.0,8x8
0.0,1.0,8x8
1.0,0.0,8x8
1.0,0.0,8x8
0.0,1.0,8x8
0.0,1.0,8x8
0.0,1.0,8x8
1.0,0.0,8x8
1.0,0.0,8x8
1.0,0.0,8x8
1.0,0.0,8x8
0.0,1.0,8x8
1.0,0.0,8x8
1.0,0.0,8x8
0.0,1.0,8x8
0.0,1.0,8x8
1.0,0.0,8x8
1.0,0.0,8x8
0.0,1.0,8x8
1.0,0.0,8x8
0.0,1.0,8x8
1.0,0.0,8x8
1.0,0.0,8x8
1.0,0.0,8x8
1.0,0.0,8x8
0.0,1.0,8x8
0.0,1.0,8x8
1.0,0.0,8x8
1.0,0.0,8x8
0.0,1.0,8x8
1.0,0.0,8x8
0.0,1.0,8x8
0.0,1.0,8x8
1.0,0.0,8x8
1.0,0.0,8x8
0.0,1.0,8x8
1.0,0.0,8x8
0.0,1.0,8x8
1.0,0.0,8x8
0.0,1.0,8x8
0.0,1.0,8x8
0.0,1.0,8x8
0.0,1.0,8x8
1.0,0.0,8x8
1.0,0.0,8x8
1.0,0.0,8x8
1.0,0.0,8x8
1.0,0.0,8x8
1.0,0.0,8x8
0.0,1.0,8x8
0.0,1.0,8x8
0.0,1.0,8x8
0.0,1.0,8x8
0.0,1.0,8x8
0.0,1.0,8x8
0.0,1.0,8x8
0.0,1.0,8x8
1.0,0.0,8x8
1.0,0.0,8x8
1.0,0.0,8x8
1.0,0.0,8x8
1.0,0.0,8x8
0.0,1.0,8x8
1.0,0.0,8x8
0.0,1.0,8x8
0.0,1.0,8x8
1.0,0.0,8x8
0.0,1.0,8x8
1.0,0.0,8x8
1.0,0.0,8x8
1.0,0.0,8x8
0.0,1.0,8x8
0.0,1.0,8x8
1.0,0.0,8x8
0.0,1.0,8x8
1.0,0.0,8x8
0.0,1.0,8x8
1.0,0.0,8x8
1.0,0.0,8x8
1.0,0.0,8x8
1.0,0.0,8x8
0.0,1.0,8x8
1.0,0.0,8x8
1.0,0.0,8x8
1.0,0.0,8x8
0.0,1.0,8x8
1.0,0.0,8x8
1.0,0.0,8x8
1.0,0.0,8x8
0.0,1.0,8x8
1.0,0.0,8x8
0.0,1.0,8x8
1.0,0.0,8x8
1.0,0.0,8x8
1.0,0.0,8x8
1.0,0.0,8x8
1.0,0.0,8x8
0.0,1.0,8x8
1.0,0.0,8x8
1.0,0.0,8x8
1.0,0.0,8x8
1.0,0.0,8x8
1.0,0.0,8x8
1.0,0.0,8x8
1.0,0.0,8x8
1.0,0.0,8x8
0.0,1.0,8x8
1.0,0.0,8x8
1.0,0.0,8x8
1.0,0.0,8x8
0.0,1.0,8x8
1.0,0.0,8x8
0.0,1.0,8x8
0.0,1.0,8x8
1.0,0.0,8x8
1.0,0.0,8x8
0.0,1.0,8x8
1.0,0.0,8x8
1.0,0.0,8x8
0.0,1.0,8x8
1.0,0.0,8x8
0.0,1.0,8x8
1.0,0.0,8x8
1.0,0.0,8x8
1.0,0.0,8x8
1.0,0.0,8x8
0.0,1.0,8x8
1.0,0.0,8x8
1.0,0.0,8x8
1.0,0.0,8x8
0.0,1.0,8x8
1.0,0.0,8x8
1.0,0.0,8x8
1.0,0.0,8x8
0.0,1.0,8x8
1.0,0.0,8x8
1.0,0.0,8x8
1.0,0.0,8x8
1.0,0.0,8x8
0.0,1.0,8x8
1.0,0.0,8x8
1.0,0.0,8x8
0.0,1.0,8x8
1.0,0.0,8x8
0.0,1.0,8x8
0.0,1.0,8x8
0.0,1.0,8x8
0.0,1.0,8x8
1.0,0.0,8x8
0.0,1.0,8x8
0.0,1.0,8x8
1.0,0.0,8x8
0.0,1.0,8x8
0.0,1.0,8x8
0.0,1.0,8x8
1.0,0.0,8x8
1.0,0.0,8x8
1.0,0.0,8x8
0.0,1.0,8x8
1.0,0.0,8x8
0.0,1.0,8x8
0.0,1.0,8x8
1.0,0.0,8x8
2.0,0.0,8x8
1.0,0.0,8x8
1.0,0.0,8x8
1.0,0.0,8x8
1.0,0.0,8x8
1.0,0.0,8x8
0.0,1.0,8x8
1.0,0.0,8x8
1.0,0.0,8x8
1.0,0.0,8x8
1.0,0.0,8x8
1.0,0.0,8x8
0.0,1.0,8x8
1.0,0.0,8x8
1.0,0.0,8x8
0.0,1.0,8x8
0.0,1.0,8x8
1.0,0.0,8x8
1.0,0.0,8x8
0.0,1.0,8x8
0.0,1.0,8x8
0.0,1.0,8x8
0.0,1.0,8x8
1.0,0.0,8x8
1.0,0.0,8x8
1.0,0.0,8x8
1.0,0.0,8x8
2.0,0.0,8x8
0.0,1.0,8x8
1.0,0.0,8x8
1.0,0.0,8x8
0.0,1.0,8x8
1.0,0.0,8x8
1.0,0.0,8x8
1.0,0.0,8x8
0.0,1.0,8x8
1.0,0.0,8x8
0.0,1.0,8x8
1.0,0.0,8x8
1.0,0.0,8x8
0.0,1.0,8x8
0.0,1.0,8x8
0.0,1.0,8x8
1.0,0.0,8x8
1.0,0.0,8x8
1.0,0.0,8x8
0.0,1.0,8x8
1.0,0.0,8x8
0.0,1.0,8x8
1.0,0.0,8x8
1.0,0.0,8x8
0.0,1.0,8x8
1.0,0.0,8x8
0.0,1.0,8x8
1.0,0.0,8x8
1.0,0.0,8x8
1.0,0.0,8x8
0.0,1.0,8x8
0.0,1.0,8x8
1.0,0.0,8x8
0.0,1.0,8x8
1.0,0.0,8x8
0.0,2.0,8x8
1.0,0.0,8x8
1.0,0.0,8x8
1.0,0.0,8x8
1.0,0.0,8x8
1.0,0.0,8x8
0.0,1.0,8x8
0.0,1.0,8x8
1.0,0.0,8x8
1.0,0.0,8x8
0.0,1.0,8x8
1.0,0.0,8x8
1.0,0.0,8x8
1.0,0.0,8x8
1.0,0.0,8x8
0.0,1.0,8x8
1.0,0.0,8x8
1.0,0.0,8x8
1.0,0.0,8x8
0.0,1.0,8x8
1.0,0.0,8x8
1.0,0.0,8x8
1.0,0.0,8x8
1.0,0.0,8x8
1.0,0.0,8x8
1.0,0.0,8x8
1.0,0.0,8x8
1.0,0.0,8x8
